rt_id,address,content,main_img_n,main_img_t,rprsntv_me,name,WKT,usage_day,CTY_CD
9,중구 광복로 56-14,"깔끔한 맛의 육수가 인상적인 40년 전통의 밀면 전문점으로, 식사시간에는 항상 긴 줄이 늘어서 있지만 140석을 갖춘 넓은 매장으로 인해 웨이팅 시간은 짧은 편. 항상 청결하게 관리되고 있는 ?",https://www.visitbusan.net/uploadImgs/files/cntnts/20230605153300303_ttiel,https://www.visitbusan.net/uploadImgs/files/cntnts/20230605153300303_thumbL,"밀면, 비빔밀면",가야밀면,POINT (129.03122 35.098934),10:00-21:00,2611
10,중구 자갈치로 51-2,TV프로그램에도 자주 소개되는 유명한 아귀요리전문점으로1980년부터 생 아귀를 이용한 음식들을 만들고 있다.푸짐하고 신선한 아귀와 아귀 특수부위를 함께 먹을 수 있으며 외국인들도 즐겨 ?,https://www.visitbusan.net/uploadImgs/files/cntnts/20230525160402713_ttiel,https://www.visitbusan.net/uploadImgs/files/cntnts/20230525160402713_thumbL,"생아구수육, 아구찜",김해식당,POINT (129.02994 35.09748),09:30-21:00,2611
11,중구 흑교로59번길 3,"60년째 3대를 이어 운영해온 전통 있는 아귀요리전문점으로 신선한 아귀를 사용해 아구찜, 수육, 탕을 만든다. 자극적이지 않은 담백한 맛의 아구찜이 대표메뉴로 오래되었지만 청결한 가게가",https://www.visitbusan.net/uploadImgs/files/cntnts/20230525151631604_ttiel,https://www.visitbusan.net/uploadImgs/files/cntnts/20230525151631604_thumbL,"아구찜, 아구수육",물꽁식당,POINT (129.0244 35.104504),10:00-22:00,2611
12,중구 자갈치해안로 55,1946년부터 운영해 온 무척 유명한 횟집으로 여러 유명인사들의 단골집이기도 하다.광어회 한 접시에 고기뼈를 푹 고아서 만든 진하고 담백한 맑은 국과 여섯 가지 밑반찬이 나오는 회정식이 ?,https://www.visitbusan.net/uploadImgs/files/cntnts/20230601142624554_ttiel,https://www.visitbusan.net/uploadImgs/files/cntnts/20230601142624554_thumbL,"회 백밥, 생선회(돔, 광어)",부산명물횟집,POINT (129.0312 35.09714),10:30-15:30 / 16:30-21:30,2611
13,부산 중구 광복로 13,"35년 간 국내산 돼지 족을 사용하여 족발을 만들고 있는 유명한 족발전문점으로, 하루 2번 매장에서 삶은 신선하고 싱싱한 족발 맛으로 유명하다. 고기를 얇게 썰어 맛과 식감을 살린 족발과 냉",https://www.visitbusan.net/uploadImgs/files/cntnts/20191218102958937_ttiel,https://www.visitbusan.net/uploadImgs/files/cntnts/20191218102958937_thumbL,"족발, 냉채족발",원조한양족발,POINT (129.02715 35.099903),10:00a.m. ~ 01:00a.m.,2611
14,중구 광복중앙로 31,"30여년을 운영 중인 피자전문점으로 부산에서 피자가 대중화된 시기를 생각하면 상당한 전통을 자랑하는 유명한 곳이다. 국내산 임실치즈를 사용한 푸짐한 토핑의 피자가 특징이며, 변함없는",https://www.visitbusan.net/uploadImgs/files/cntnts/20230607111545199_ttiel,https://www.visitbusan.net/uploadImgs/files/cntnts/20230607111545199_thumbL,"치즈크러스트피자, 오븐스파게티",이재모피자,POINT (129.0306 35.102104),11:00-21:30,2611
105,중구 광복로 56-8,"60여 년의 전통을 가진 냉면전문점으로 3대째 운영하고 있는 무척 유명한 곳이다.한우와 국내산 생돼지고기, 생닭을 사용하고 10여 가지 재료가 들어간 육수로 만든 냉면은변하지 않는 맛을 자?",https://www.visitbusan.net/uploadImgs/files/cntnts/20230607131440600_ttiel,https://www.visitbusan.net/uploadImgs/files/cntnts/20230607131440600_thumbL,"평양냉면, 함흥냉면",원산면옥 1953,POINT (129.03105 35.098976),11:00-21:30,2611
115,중구 백산길3,"43년 전통의 중식전문점으로 간짜장이 특히 유명한 이곳은, 전통적인 방식의 요리로 외국인들이 많이 찾는 곳이기도 하다.신세계와 범죄와의 전쟁 등 영화촬영지로도 유명하다.",https://www.visitbusan.net/uploadImgs/files/cntnts/20230602160354975_ttiel,https://www.visitbusan.net/uploadImgs/files/cntnts/20230602160354975_thumbL,"탕수육, 간짜장",화국반점,POINT (129.0342 35.10253),11:30-15:30 / 17:00-21:00,2611
117,중구 해관로73,"전국의 참치 매니아들이 찾아오는 유명한 참치전문점으로, 조리명인인 오너쉐프가 운영하고 있는 곳이다. 당일재료는 당일소진하고 있으며, 노인들을 위한 행사를 개최하는 등 지역 사회에 ?",https://www.visitbusan.net/uploadImgs/files/cntnts/20230605140053777_ttiel,https://www.visitbusan.net/uploadImgs/files/cntnts/20230605140053777_thumbL,"특정식, 특초밥",이정태 본참치,POINT (129.03526 35.10548),11:30-14:30 / 17:00-22:30,2611
125,중구 광복로55번길 13,"부산에서 가장 유명한 일식전문점 중 한 곳으로 65년 이상의 역사를 가지고 있으며,대를 이어 오는 손님들이 이곳의 변치 않는 맛을 보증하고 있다.특히 김초밥으로 많이 알려져 있기도 한 곳?",https://www.visitbusan.net/uploadImgs/files/cntnts/20230605131052801_ttiel,https://www.visitbusan.net/uploadImgs/files/cntnts/20230605131052801_thumbL,"김초밥(후토마끼), 초밥 정식 특선",삼송초밥,POINT (129.02986 35.099678),11:00-14:30 / 16:30-21:00,2611
127,중구 광복로 13-1,"부평동 돼지족발골목에 위치한 족발전문점으로, TV 프로그램으로도 자주 소개되는 유명한 식당이다. 이 지역은 부산의 향토음식인 냉채족발이 탄생한 곳으로도 유명한데, 부산족발도 담백하?",https://www.visitbusan.net/uploadImgs/files/cntnts/20230608133922872_ttiel,https://www.visitbusan.net/uploadImgs/files/cntnts/20230608133922872_thumbL,"족발, 냉채족발",부산족발,POINT (129.02664 35.09956),10:00-24:00,2611
130,중구 중앙대로41번길 11-1,"미식가들 사이에서 꾸준히 좋은 평가를 받고 있는 45년 전통의 구이전문점으로 ,한우 안거미 부위를 안금무라는 별칭으로 판매해 더 유명한 곳이기도 하다 .명점으로 인정받는 곳 답게 고기선?",https://www.visitbusan.net/uploadImgs/files/cntnts/20220511134126759_ttiel,https://www.visitbusan.net/uploadImgs/files/cntnts/20220511134126759_thumbL,"안금무, 소금구이",물레방아 즉석구이,POINT (129.03513 35.10104),11:30-15:00 / 17:00-24:00,2611
188,중구 광복로 43번길 18-5,대를 이어 50여 년을 운영 중인 유명한 식당으로 다수의 TV프로그램을 통해서도많이 알려져 있다. 손질된 해산물이 가득 들어간 수중전골이 이곳을 유명하게 만든 메뉴이며지역민들의 추억이 ?,https://www.visitbusan.net/uploadImgs/files/cntnts/20230601141838639_ttiel,https://www.visitbusan.net/uploadImgs/files/cntnts/20230601141838639_thumbL,"수중전골, 낙지볶음",원조 바다집,POINT (129.0299 35.100822),11:00-21:30,2611
204,중구 광복로 97번길 6,"다양한 원두를 사용하며 하루에도 3~4번씩 원두를 바꾼다는 이곳에선워터소믈리에, SCA 커피 감별사 자격을 보유한 바리스타가 나에게 맞는 커피를 찾아준다 .외국인을 포함한 단골손님이 많은",https://www.visitbusan.net/uploadImgs/files/cntnts/20230601212847341_ttiel,https://www.visitbusan.net/uploadImgs/files/cntnts/20230601212847341_thumbL,"아메리카노, 카페라떼",바우노바,POINT (129.03558 35.099163),07:30-22:00,2611
219,중구 광복중앙로 24번길 9,캐주얼한 화덕피자와 파스타가 인기 높은 곳으로 음식에 사용되는 리코타 치즈는매일 직접 만든다고 한다. 시그니처 메뉴는 난과 함께 제공되는 청포도 샐러드인데이곳의 단골들이 강력하게,https://www.visitbusan.net/uploadImgs/files/cntnts/20230602145719327_ttiel,https://www.visitbusan.net/uploadImgs/files/cntnts/20230602145719327_thumbL,"청포도 샐러드, 마르게리따 피자",스톤스트릿,POINT (129.03119 35.102036),12:00-21:00,2611
222,중구 동광길 75-1,1987년에 개업한 중국만두전문점으로 맛과 품질에 비해 저렴한 가격의 만두와 오향장육을 만날 수 있다. 가볍게 술 마시기 좋은 곳으로 많은 단골손님이 찾아오는 가게이다.,https://www.visitbusan.net/uploadImgs/files/cntnts/20230602151125877_ttiel,https://www.visitbusan.net/uploadImgs/files/cntnts/20230602151125877_thumbL,"오향장육, 군만두",석기시대,POINT (129.03487 35.106155),15:00-22:00,2611
236,중구 중앙대로 49번길 9-1,1956년에 개업하여 60여 년의 역사를 가진 우동·메밀국수전문점으로 부산의 기성세대들에게는 특별한 날 부모님과 함께 왔던 어린 시절의 추억이 있는 곳이다.3대가 함께 식사하는 모습을 자주,https://www.visitbusan.net/uploadImgs/files/cntnts/20230605103535444_ttiel,https://www.visitbusan.net/uploadImgs/files/cntnts/20230605103535444_thumbL,"모밀국수, 가락우동",중앙모밀,POINT (129.0353 35.101845),11:00-20:00,2611
249,중구 대청로 141번길 15-1,"3대에 걸쳐 40여 년을 영업 중인 이곳은 전통적인 방식으로 돼지국밥을 만들고 있는 곳이다.김치와 깍두기는 직접 담그며, 오래도록 인기 있는 가게답게 신선하고 좋은 재료를 고집한다고 한다",https://www.visitbusan.net/uploadImgs/files/cntnts/20230607102742732_ttiel,https://www.visitbusan.net/uploadImgs/files/cntnts/20230607102742732_thumbL,"돼지국밥, 수육",부광돼지국밥,POINT (129.03506 35.104244),09:30-20:00,2611
260,중구 부평1길 48,유명 TV쇼에 출연하여 더욱 명성이 높아진 곳으로 전국적으로 많이 알려져 있어부산 원도심관광의 필수코스 중 하나로 꼽히는 가게이기도 하다.언제나 사람들로 북적이는 인기 가게이다.,https://www.visitbusan.net/uploadImgs/files/cntnts/20230607153356051_ttiel,https://www.visitbusan.net/uploadImgs/files/cntnts/20230607153356051_thumbL,"떡볶이 1인분, 떡튀 1인분",이가네 떡볶이,POINT (129.02602 35.10156),10:00-재료소진,2611
264,중구 남포길 25-3,"70여 년을 운영하고 있는 유명한 식당으로, 부산의 원도심을 대표하는 식당 중 한 곳이다.특유의 매운맛과 가오리회가 고명인 회국수가 대표메뉴로이곳의 맛을 잊지 못해 타지역에서도 꾸준히",https://www.visitbusan.net/uploadImgs/files/cntnts/20230607172049141_ttiel,https://www.visitbusan.net/uploadImgs/files/cntnts/20230607172049141_thumbL,"회비빔국수, 회비빔밥",할매집회국수,POINT (129.03146 35.09885),10:00-19:00,2611
265,중구 광복로67번길 11,"2008년 개업하여 꾸준히 단골손님을 늘려가고 있는 생선전문식당으로,국산 재료만 사용하여 만드는 생선요리와 푸짐한 반찬들은 집밥처럼 깔끔하다.낮 시간은 항상 손님들이 가득하니 전화 예",https://www.visitbusan.net/uploadImgs/files/cntnts/20230607172906532_ttiel,https://www.visitbusan.net/uploadImgs/files/cntnts/20230607172906532_thumbL,"갈치 구이, 갈치/병어 조림",가미가식당,POINT (129.03244 35.099144),11:00-22:00,2611
270,중구 광복로 37번길 7-1,뜨거운 돌솥에 나온 밥을 나물이 들어있는 비빔그릇에 담아 비빔밥을 만들어 먹기도 하고함께 나온 된장찌개나 순두부찌개와 먹기도 한다.40여 년을 운영하고 있는 이곳은 많은 설명을 필요로,https://www.visitbusan.net/uploadImgs/files/cntnts/20230608144815779_ttiel,https://www.visitbusan.net/uploadImgs/files/cntnts/20230608144815779_thumbL,"순두부찌개 돌솥비빔밥, 된장찌개 돌솥비빔밥",돌솥밥집,POINT (129.02908 35.099976),11:00-15:30 / 16:10-19:00,2611
31,서구 구덕로 238번길 6,1947년부터 3대를 이어 운영 중인 유명한 식당으로 1대 창업주가 일본에서 배워온 완당을 한국인의 입맛에 맞게 발전시켰다.부산 음식문화의 한 부분을 장식한 유서 깊은 식당이다.,https://www.visitbusan.net/uploadImgs/files/cntnts/20230605135457738_ttiel,https://www.visitbusan.net/uploadImgs/files/cntnts/20230605135457738_thumbL,"발국수, 완당",원조 18번 완당,POINT (129.02045 35.105713),10:30-19:30,2614
34,서구 보수대로 53,"1969년에 국제시장 신창동에서 시작하여 신창국밥이라 이름 지어진 식당으로,맑은 국물의 돼지국밥이 시작된 곳이다.신선한 재료와 전통방식인 토렴을 고수하고, 직접 만드는 이북식 순대도 ?",https://www.visitbusan.net/uploadImgs/files/cntnts/20230607161936819_ttiel,https://www.visitbusan.net/uploadImgs/files/cntnts/20230607161936819_thumbL,"왕순대국밥, 수육",신창국밥,POINT (129.02254 35.10093),09:00-21:00,2614
35,서구 구덕로274번길 14,1958년부터 운영하고 있는 유명한 내장구이전문점으로 오랜 세월 사랑받고 있는 곳이다 .이곳의 내장구이는 전통만큼이나 각별한 맛을 자랑하는데 함께 제공되는장아찌와 나물들을 곁들여 먹?,https://www.visitbusan.net/uploadImgs/files/cntnts/20230603135918815_ttiel,https://www.visitbusan.net/uploadImgs/files/cntnts/20230603135918815_thumbL,"특양, 대창",옛날 오막집,POINT (129.0199 35.108913),2:00-21:30,2614
78,"서구 까치고개로 197번길 3, 1층","감천문화마을 근처에 있는 돼지국밥전문점으로, 청결한 실내와 친절한 점원들이 인상적이다.사골뼈를 24시간 이상 푹 고아 만든 국물이 유명하고, 국밥에 들어가는 고기양과 고기 종류를 선택",https://www.visitbusan.net/uploadImgs/files/cntnts/20230607165621037_ttiel,https://www.visitbusan.net/uploadImgs/files/cntnts/20230607165621037_thumbL,"돼지국밥, 수육",몽실종가돼지국밥,POINT (129.01718 35.10019),09:00-21:00,2614
79,부산 서구 구덕로 124번길 27,"의외의 장소에 자리하고 있는 아담하고 예쁜 인테리어의 덮밥전문점으로, 간단한 음식, 깔끔한 맛, 친절한 서비스로 유명한 곳이다. 모든 음식이 인기메뉴이긴 하지만, 손질과 숙성을 거쳐 부?",https://www.visitbusan.net/uploadImgs/files/cntnts/20200819133843312_ttiel,https://www.visitbusan.net/uploadImgs/files/cntnts/20200819133843312_thumbL,"한입 스테이크 덮밥, 돈카츠정식",식당 토성동,POINT (129.02257 35.097954),월~금 10:30 ~  20:00 / 토 10:30 ~ 15:00,2614
80,부산 서구 망양로 23,"입구까지 이어진 근사한 정원이 멋진 일식코스요리전문점으로, 이 지역에서는 상견례 등격조 있는 모임의 장소로 많이 이용하는 곳이다. 비교적 비싼 가격의 식당이지만, 맛과 서비스 모두 충",https://www.visitbusan.net/uploadImgs/files/cntnts/20200819134238418_ttiel,https://www.visitbusan.net/uploadImgs/files/cntnts/20200819134238418_thumbL,"스페셜코스, VIP코스",청죽,POINT (129.01305 35.11293),am 11:00 ~ pm 22:00(브레이크타임 15:00 ~ 16:30),2614
81,서구 대신공원로 13-5,"빨간 간판이 눈에 띄는 이곳은 3대째 이어오는 중국만두전문점으로, 하루에 40인분 한정에, 30분 전에 미리 전화로 주문해야 한다는 삼선만두가 유명한 곳이다.주문과 동시에 만드는 삼선만두?",https://www.visitbusan.net/uploadImgs/files/cntnts/20230602154202290_ttiel,https://www.visitbusan.net/uploadImgs/files/cntnts/20230602154202290_thumbL,"삼선만두, 군만두",편의방,POINT (129.01625 35.11915),11:00-21:00,2614
45,동구 망양로 533-5,"동구의 관광명소인 ‘이바구길’에 위치한 이 카페는 1941년 당시 부산에 살던 일본인에 의해 지어진 집을 개조한 곳으로, 주변 환경을 포함해 외관도 실내도 모두 1941년을 연상시 키는 레트로?",https://www.visitbusan.net/uploadImgs/files/cntnts/20230601112526719_ttiel,https://www.visitbusan.net/uploadImgs/files/cntnts/20230601112526719_thumbL,"바닐라우유, 생강우유",카페초량 1941,POINT (129.02942 35.11969),10:30-18:00,2617
46,동구 중앙대로533번길 4,"60년 전통의 돼지국밥 전문점으로 식사 시간에는 30분 이상을 기다려야 하는 유명한 식당이다. 대부분의 돼지국밥들과는 다른 맑은 국물이 특징이며, 대충 썬 것 같은 돼지 수육은 예상외로 부?",https://www.visitbusan.net/uploadImgs/files/cntnts/20230607170518427_ttiel,https://www.visitbusan.net/uploadImgs/files/cntnts/20230607170518427_thumbL,"따로 국밥, 수육백반",60년 전통 할매국밥,POINT (129.05618 35.141018),10:00-19:00,2617
49,동구 조방로14 동일타워 225호,"계절재료를 사용해 사시미, 구이, 탕 등 다양한 요리를 만들어내는 일식주점으로술을 즐기려 찾았다가 배부르게 식사하게 된다는 무서운 곳이다.숙련된 쉐프가 정성껏 준비하는 친절하고 기?",https://www.visitbusan.net/uploadImgs/files/cntnts/20230605130411396_ttiel,https://www.visitbusan.net/uploadImgs/files/cntnts/20230605130411396_thumbL,"모듬숙성회, 수비드 스테이크",백산키친,POINT (129.06345 35.13873),17:30-01:00,2617
59,동구 중앙대로 519,"‘백종원의 3대천왕’이라는 유명 요리 버라이어티쇼에 출연했던 곳으로,지금은 흔치 않은 빈대떡 전문점이다. 오래된 감성을 가지고 있는 이곳의 대표메뉴 빈대떡은 100% 녹두를 사용해서 만?",https://www.visitbusan.net/uploadImgs/files/cntnts/20230608143915784_ttiel,https://www.visitbusan.net/uploadImgs/files/cntnts/20230608143915784_thumbL,"빈대떡, 파전",범일빈대떡,POINT (129.05621 35.139576),15:00-24:00,2617
91,동구 초량중로 26,4대에 걸쳐 운영하고 있는 100년 전통의 돼지수육전문식당으로 돼지수육과 수육 삶은 육수에 말은 국수가 유명하다. 국내산 신선한 고기로 만드는 육수는 맑은 국물 색과 담백하지만 진한 맛을,https://www.visitbusan.net/uploadImgs/files/cntnts/20210913104329974_ttiel,https://www.visitbusan.net/uploadImgs/files/cntnts/20210913104329974_thumbL,"수육, 국수, 열무국수",평산옥,POINT (129.0371 35.114292),am 10:00 ~ pm 20:00,2617
146,동구 홍곡남로18번길 5,"이탈리아 요리학교 출신 쉐프와 나폴리피자 장인협회에서 인정한피자욜로가 운영하고 있는 100% 예약제 레스토랑으로 프라이빗한 공간에서 식사를 즐길 수 있다.디너만 운영하고 있으며, 수요",https://www.visitbusan.net/uploadImgs/files/cntnts/20230602152211590_ttiel,https://www.visitbusan.net/uploadImgs/files/cntnts/20230602152211590_thumbL,"프로슈토 피자, 단일코스 1인",오스테리아비비,POINT (129.03906 35.12526),네이버 참고,2617
150,동구 중앙대로 179번길 16,"3대에 걸쳐 50년이 넘게 운영해오고 있는 이곳은, 부산차이나타운에서도 가장 유명한 식당 중 한 곳이다. 오래전부터 영주동 물만두집으로 불렸을 만큼 물만두가 인기 있으며, 주말에는 지방에",https://www.visitbusan.net/uploadImgs/files/cntnts/20230602155001593_ttiel,https://www.visitbusan.net/uploadImgs/files/cntnts/20230602155001593_thumbL,"물만두, 오향장육",홍성방,POINT (129.03781 35.113834),11:00-15:00 / 17:00-21:30,2617
187,"동구 초량중로 135, 1층",오픈시간이면 원하는 빵을 사기위해 긴 줄이 생기는 유명 베이커리로빵의 도시 부산에서도 보기 힘든 색다른 조합과 레시피의 다양한 빵들을 만날 수 있다 .특히 황 치즈를 사용한 빵들이 제?,https://www.visitbusan.net/uploadImgs/files/cntnts/20230601111609166_ttiel,https://www.visitbusan.net/uploadImgs/files/cntnts/20230601111609166_thumbL,"맘모스, 크럼블",초량온당,POINT (129.04155 35.123413),12:00-19:00,2617
192,동구 정공단로 46-1,"1996년부터 30여 년을 운영 중인 곳으로 각종 TV프로그램을 통해서도 많이 소개된 곳으로,유명세에 유사상호를 사용하는 곳들도 생겨 특허·상표등록을 했다고 한다.동구의 1호 향토음식점이기?",https://www.visitbusan.net/uploadImgs/files/cntnts/20230601150706501_ttiel,https://www.visitbusan.net/uploadImgs/files/cntnts/20230601150706501_thumbL,"낙곱새볶음, 해물 연포탕",오륙도 낙지 범일본점,POINT (129.05554 35.136383),10:00-21:00,2617
208,동구 영초윗길 22-1,동구 초량이바구길에 위치한 이곳은 5층 건물 전체가 명란과 관련된 이야기로 가득한 곳이다.3층과 4층이 카페로 이용되는 곳으로 명란을 소재로 한 음식들을 만날 수 있다.주말에는 음료만 판,https://www.visitbusan.net/uploadImgs/files/cntnts/20230602135143501_ttiel,https://www.visitbusan.net/uploadImgs/files/cntnts/20230602135143501_thumbL,"명란뵈르, 명란오일스파게티",명란브랜드연구소,POINT (129.03499 35.1171),10:00-21:00,2617
220,동구 중앙대로248번길 3-11 (1층),중국인이 운영하고 있는 이곳은 중국에 있는 식당이 그대로 위치만 옮긴 것 같은 느낌을 준다.만두를 전문으로 하고 낯선 메뉴와 현지화 되지 않은 중국 본토의 맛을 경험할 수 있는 특별한 식,https://www.visitbusan.net/uploadImgs/files/cntnts/20230602145733245_ttiel,https://www.visitbusan.net/uploadImgs/files/cntnts/20230602145733245_thumbL,"가지요리, 마파두부",산동완탕교자관,POINT (129.04268 35.119602),10:00-22:00,2617
246,동구 초량로 27-1,"1975년부터 3대째 운영하고 있는 이곳은, 24시간 국물을 계속 끓이며 전통적인 토렴방식을 유지하고 있는 곳이다. 돼지 한 마리를 통째로 사용하기 때문에 원하는 부위를 주문하면 즉시 조리해 ?",https://www.visitbusan.net/uploadImgs/files/cntnts/20230605175347129_ttiel,https://www.visitbusan.net/uploadImgs/files/cntnts/20230605175347129_thumbL,"돼지국밥, 모듬수육",우리돼지국밥,POINT (129.03925 35.11995),24시간,2617
269,동구 고관로 101-1,"숙련된 솜씨로 구워주는 고기의 맛을 표현할 만한 방법이 떠오르지 않는다.입구부터 투박하고 오래된 흔적을 풍기는 이곳은, 40여 년을 운영해온 양념구이전문점으로이른바 현지인의 단골가?",https://www.visitbusan.net/uploadImgs/files/cntnts/20230608143032820_ttiel,https://www.visitbusan.net/uploadImgs/files/cntnts/20230608143032820_thumbL,양념돼지목살,88돼지갈비,POINT (129.04562 35.128063),11:00-22:00,2617
4,영도구 절영로 104,영도의 유명한 제주 자리돔전문점으로 싱싱한 자리돔과 직접 만든 양념장의 맛이 무척 잘 어울린다.당일 판매 할 수 있는 한정된 양만 판매하고 있는 이곳은 제주갈치 요리로도 유명하다.,https://www.visitbusan.net/uploadImgs/files/cntnts/20191217113924538_ttiel,https://www.visitbusan.net/uploadImgs/files/cntnts/20191217113924538_thumbL,"자리돔회, 자리돔물회",부흥식당,POINT (129.04071 35.085815),11:00-21:00,2620
50,영도구 하나길 811,"일본인 손님들도 자주 찾는 이곳은 30여 년간 운영해온 한우스지요리 전문점으로, 부드러운 식감의 스지는 반드시 한우만 사용한다고 한다.대표메뉴인 된장전골을 먹을 때는 반드시 라면사리?",https://www.visitbusan.net/uploadImgs/files/cntnts/20230608114049598_ttiel,https://www.visitbusan.net/uploadImgs/files/cntnts/20230608114049598_thumbL,"스지수육, 스지 된장전골",왔다식당,POINT (129.05635 35.094036),08:30-15:00,2620
61,부산 영도구 대교로 2번길 7,"2006년부터 운영해온 한식당으로, 모든 반찬들을 주인이 직접 만든다. 점심에는 제철반찬이 함께 제공되는 산채정식 비빔밥을 먹으러 오는 사람이 많으며, 저녁에는 소고기버섯전골과 곱창전?",https://www.visitbusan.net/uploadImgs/files/cntnts/20200818175032095_ttiel,https://www.visitbusan.net/uploadImgs/files/cntnts/20200818175032095_thumbL,"소고기버섯전골, 곱창전골",고을산채,POINT (129.0448 35.093414),am 11:30 ~ pm 21:30,2620
62,영도구 동삼로 42번길 16-11,"20여 년을 운영해 온 굴요리 전문점으로, 제철 생굴, 굴구이, 굴튀김, 굴파전, 굴김치 등 굴을 이용한 다양한 음식들을 즐길 수 있다. 특히 대표메뉴인 굴국밥은 신선한 자연산 굴을 사용하여, ?",https://www.visitbusan.net/uploadImgs/files/cntnts/20230608114815119_ttiel,https://www.visitbusan.net/uploadImgs/files/cntnts/20230608114815119_thumbL,"굴국밥, 생굴",석화정,POINT (129.07228 35.07709),09:00-21:00,2620
63,부산 영도구 절영로 234,"흰여울 문화마을의 중심지에 위치한 4층으로 구성된 루프 탑 카페로,전 층에서 영도의 멋진 바다풍경을 감상 할 수 있는 곳이다 .가볍게 음료와 디저트를 즐길 수도 있지만 랍스터롤 등 인기 ?",https://www.visitbusan.net/uploadImgs/files/cntnts/20230601203455875_ttiel,https://www.visitbusan.net/uploadImgs/files/cntnts/20230601203455875_thumbL,"랍스터롤, 치킨아보카도롤",에테르,POINT (129.04646 35.077286),10:00-21:00,2620
85,부산시 영도구 태종로99번길 36 삼진어묵,삼진어묵은 1953년부터 3대 째 가억을 잇고있는 대한민국 대표 어묵 브랜드입니다.,https://www.visitbusan.net/uploadImgs/files/cntnts/20210415134915004_ttiel,https://www.visitbusan.net/uploadImgs/files/cntnts/20210415134915004_thumbL,-,삼진어묵,POINT (129.04279 35.092953),월~일 / 9:00~19:00,2620
102,영도구 꿈나무길 267(1층),지역민들에게 추억의 장소인 이곳은 35년간 운영해온 유명한 즉석떡볶이 전문점으로해물 육수와 고추장소스를 사용하여 독특한 맛을 자랑한다.후식으로 판매하는 빵크림을 먹기 위해 찾아오?,https://www.visitbusan.net/uploadImgs/files/cntnts/20210913142012236_ttiel,https://www.visitbusan.net/uploadImgs/files/cntnts/20210913142012236_thumbL,"2인Set, 3인Set",도날드 즉석 떡볶이,POINT (129.04295 35.085815),11:00-19:20,2620
103,영도구 조내기로5번길 2,부산항이 한눈에 들어오는 장소에 위치한 피자전문점으로자체개발한 도우로 만든 테두리가 없는 사각형의 디트로이트식 피자가 대표메뉴이다.임실치즈를 아낌없이 사용하여 풍부한 치즈의 ?,https://www.visitbusan.net/uploadImgs/files/cntnts/20210913152113856_ttiel,https://www.visitbusan.net/uploadImgs/files/cntnts/20210913152113856_thumbL,"영도우피자, 청학동파스타",영도우,POINT (129.06128 35.08781),11:30-15:00 / 17:00-20:30,2620
104,영도구 남항로 42,냉면전문점으로 시작하여 50여년을 운영 중인 보쌈전문점으로 싱싱한 고기를 사용하고 부드러운 맛으로 유명하다. 오랜 전통을 자랑하는 냉면도 인기메뉴이며 어떤 메뉴를 주문하든 만족스러,https://www.visitbusan.net/uploadImgs/files/cntnts/20210913152733413_ttiel,https://www.visitbusan.net/uploadImgs/files/cntnts/20210913152733413_thumbL,"모둠보쌈 소/중/대, 함흥냉면, 평양냉면",함흥보쌈,POINT (129.04108 35.08845),am 11:00 ~ pm 21:00(브레이크타임 15:30 ~ 16:00),2620
138,영도구 절영로 355,"원래 소를 키우는 목장이었던 이 곳은 영도에서 가장 유명한 식당 중 한 곳으로, 식당과 카페 공원이 함께 있는 복합외식공간이다. 음식의 수준도 무척 높지만 이곳에서 보이는 바다풍경은 정?",https://www.visitbusan.net/uploadImgs/files/cntnts/20230608134617985_ttiel,https://www.visitbusan.net/uploadImgs/files/cntnts/20230608134617985_thumbL,"한우등심, 한우양념구이",목장원,POINT (129.05736 35.07162),11:30-21:30,2620
140,영도구 청학동로 12,"모던한 인테리어의 작고 예쁜 이탈리안 레스토랑으로많은 사람들이 이태리음식을 쉽게 접하길 바라는 마음을 담아 운영하고 있다고 한다.특히, 이곳의 감자뇨끼는 손님들이 추천하는 메뉴이?",https://www.visitbusan.net/uploadImgs/files/cntnts/20230602133238079_ttiel,https://www.visitbusan.net/uploadImgs/files/cntnts/20230602133238079_thumbL,"감자뇨끼, 오징어먹물리조또",그라치에,POINT (129.06154 35.089043),11:30-15:00 / 17:00-21:30,2620
179,영도구 태종로 113번길 35,두껍게 썬 회로 유명한 이 곳은 평범한 시장횟집처럼 보이지만평일에도 이른 시간부터 늦은 시간까지 웨이팅이 이어지는 인기 있는 횟집이다.회의 두께는 조절이 가능하고 포장을 위해 찾는 ?,https://www.visitbusan.net/uploadImgs/files/cntnts/20230524160636450_ttiel,https://www.visitbusan.net/uploadImgs/files/cntnts/20230524160636450_thumbL,"모듬회, 제철 활어 (싯가)",청해수산,POINT (129.0438 35.092476),12:30-22:00,2620
183,영도구 해양로 195번길 180 4층,"하버뷰를 자랑하는 거대한 베이커리카페로 주말이면 유원지라도 온 듯 많은 인파가 몰리지만 ,워낙 넓은 공간을 가지고 있어 웨이팅은 생각보다 짧다.약 80여 종의 다양한 베이커리와 음료, 아",https://www.visitbusan.net/uploadImgs/files/cntnts/20230531122917529_ttiel,https://www.visitbusan.net/uploadImgs/files/cntnts/20230531122917529_thumbL,"마일드블루돌체라떼, 피아크 몽블랑",피아크 카페 앤 베이커리,POINT (129.077 35.08665),0:00-23:00,2620
194,영도구 절영로 481,뚝배기로 나오는 대부분의 복국집과 다르게 인원수만큼 끓인 복국을 그 자리에서그릇에 담아준다. 부산에서 최고의 복국집을 거론할 때 항상 빠지지 않는 곳 중 한 곳으로클래식한 분위기의 ?,https://www.visitbusan.net/uploadImgs/files/cntnts/20230601154137448_ttiel,https://www.visitbusan.net/uploadImgs/files/cntnts/20230601154137448_thumbL,"까치복 지리/매운탕, 참복 지리/매운탕",제주복국,POINT (129.06885 35.07098),10:00-15:00 / 17:00-20:00,2620
221,영도구 태종로 73번길 23,"중국 현지 북경오리 프랜차이즈의 국내 유일 지점으로 숯불에 구운 오리바베큐가 대표메뉴지만, 양갈비살로 만든 양꼬치도 인기 있다.오리바베큐를 먹기 위해선 예약이 필수다.",https://www.visitbusan.net/uploadImgs/files/cntnts/20230602150346849_ttiel,https://www.visitbusan.net/uploadImgs/files/cntnts/20230602150346849_thumbL,"양꼬치 2인, 오리바베큐",삼형제오리,POINT (129.03928 35.09349),12:00-14:00 / 15:00-22:00,2620
5,부산진구 서면문화로 19,유명한 한우전문점으로 국내 외 유명정상들이 방문했던 곳이기도 한 이 곳은숙련된 한우 명장이 꼼꼼하고 정직하게 준비한 수준 높은 한우를 만날 수 있다 .개별 룸이 잘 갖춰져 있어 각종 연?,https://www.visitbusan.net/uploadImgs/files/cntnts/20230603145950229_ttiel,https://www.visitbusan.net/uploadImgs/files/cntnts/20230603145950229_thumbL,"갈비탕, 명장세트",사미헌,POINT (129.05666 35.159008),1:00-21:30,2623
6,부산진구 골드테마길 10,1968년부터 운영 중인 이곳을 소개하는 것은 딱 한마디면 충분하다.부산의 향토음식인 ‘조방낙지’가 시작된 곳. 더 이상 무슨 설명이 필요 하겠는가,https://www.visitbusan.net/uploadImgs/files/cntnts/20230601152147360_ttiel,https://www.visitbusan.net/uploadImgs/files/cntnts/20230601152147360_thumbL,"낙곱새(낙지/곱창/새우볶음), 각종 사리",원조할매집,POINT (129.06017 35.142147),10:00-21:30,2623
92,부산진구 동평로 81,"보리를 사료로 키운 돼지를 전문가가 직접 선별, 숙성하여 전문교육을 받은 직원들이 직접 구워주는 구이전문점으로, 삼겹살과 구워먹는 치즈가 이 곳의 인기메뉴이다. 다양한 사이드 메뉴도",https://www.visitbusan.net/uploadImgs/files/cntnts/20210913110103549_ttiel,https://www.visitbusan.net/uploadImgs/files/cntnts/20210913110103549_thumbL,"선별숙성삼겹살130g, 선별숙성목살130g",공감식당,POINT (129.03838 35.16551),월~금 pm 17:00 ~ pm 22:00 / 토~일  am 11:30 ~ pm 22:00,2623
93,"부산진구 중앙대로 672, 삼정타워 5층",가볍게 즐길 수 있는 한식메뉴를 선보이는 식당으로 남해안멸치로 만드는 육수와 과일을 첨가하여 만든 숙성양념 등 음식준비에 많은 정성을 들인다. 차돌박이가 토핑 된 비빔국수와 비빔밥?,https://www.visitbusan.net/uploadImgs/files/cntnts/20210913110833421_ttiel,https://www.visitbusan.net/uploadImgs/files/cntnts/20210913110833421_thumbL,"차돌박이비빔국수, 칼국수, 비빔밥",다옴 (서면 삼정타워점),POINT (129.05957 35.152874),일~목 / am 11:00 ~ pm 22:00 (라스트오더 21:20)금~토 / am 11:00 ~ pm 22:30 (라스트오더 21:20),2623
94,부산진구 당감로 5 삼익아파트상가 B동 1층,지역민들이 추천하는 밀면전문점으로 육수와 면·양념에 이르기까지 모든 재료를 주방장의 독자적인 비법으로 만들어 특징적인 밀면의 맛을 자랑한다. 직접 만드는 손만두도 담백한 맛으로 ?,https://www.visitbusan.net/uploadImgs/files/cntnts/20210913111405621_ttiel,https://www.visitbusan.net/uploadImgs/files/cntnts/20210913111405621_thumbL,"밀면, 비빔밀면, 손만두4개/8개, 손칼국수",당감밀면,POINT (129.03975 35.162247),am 11:00 ~ pm 20:0019:30 (라스트오더),2623
95,"부산진구 부전로152번길 70, 1층","번잡한 번화가 사이에 예쁜 벽돌집이 보인다. 이곳은 화덕피자가 맛있기로 유명한 이탈리안 레스토랑으로, 클래식한 공간과 클래식한 음악 그리고 이탈리안 음식과 어울리는 다양한 와인이 ?",https://www.visitbusan.net/uploadImgs/files/cntnts/20210913111907192_ttiel,https://www.visitbusan.net/uploadImgs/files/cntnts/20210913111907192_thumbL,-,더브릭하우스,POINT (129.0585 35.15917),pm 17:00 ~ pm 23:00,2623
96,부산진구 동천로 108번길 11,"직접 손질하는 1등급 한우 패티와 매일 아침 구운 브리오슈 번으로 만드는 수제버거전문점으로,외국인 손님들도 많이 찾는 곳이다.독특한 인테리어를 즐기며 다양한 소품들도 구입하고 볼 수",https://www.visitbusan.net/uploadImgs/files/cntnts/20210913112340644_ttiel,https://www.visitbusan.net/uploadImgs/files/cntnts/20210913112340644_thumbL,"클래식버거, 베이컨치즈",버거샵,POINT (129.06306 35.15856),11:00-20:30,2623
97,부산진구 가야대로750번길 17,일식을 모티브로 한 새로운 스타일의 요리를 만들고 있는 일본식주점으로 영업을 시작한지 얼마 되지 않아 항상 사람들이 가득한 곳이 되었다. 개성강한 요리들은 술안주로도 식사로도 잘 어?,https://www.visitbusan.net/uploadImgs/files/cntnts/20230605131739636_ttiel,https://www.visitbusan.net/uploadImgs/files/cntnts/20230605131739636_thumbL,시메사바 이소베마키,소수인,POINT (129.05383 35.156677),17:00-01:00,2623
163,부산진구 부전로96번길 36,"부산에서 장어구이를 이야기할 때 항상 최고로 거론되는 곳 중 한 곳으로 ,주문즉시 장만한 장어와 6시간을 끓여 만든 특제한방소스를 경험해 본다면누구나 그 사실을 인정할 수밖에 없을 것 ?",https://www.visitbusan.net/uploadImgs/files/cntnts/20230602134652545_ttiel,https://www.visitbusan.net/uploadImgs/files/cntnts/20230602134652545_thumbL,"민물장어구이, 바다장어구이",장어촌,POINT (129.05667 35.15863),11:00-23:00,2623
185,부산진구 가야대로 755번길 23 1층,아주 드물게 전통적인 핸드드립과 사이폰을 이용해 커피를 내리는 이곳은 시간은 조금 더 걸리지만색다른 커피를 즐길 수 있는 곳이다. 고급스러운 실내와 테이블 착석 후 주문하고 후불 결제,https://www.visitbusan.net/uploadImgs/files/cntnts/20230531125707807_ttiel,https://www.visitbusan.net/uploadImgs/files/cntnts/20230531125707807_thumbL,"사이폰커피(블렌딩), 생크림케이크",커피스가모 인 서면,POINT (129.05403 35.15878),10:30-22:00,2623
213,부산진구 서전로 47번길 19,"홍콩인들이 아침식사를 한다는 차찬텡 컨셉의 식당으로, 식사와 디저트가 함께 준비되어 있는 곳이다.한국인의 입맛에 맞춘 적당한 향신료로 부담 없이 먹을 수 있는 것이 특징이다.",https://www.visitbusan.net/uploadImgs/files/cntnts/20230602142611057_ttiel,https://www.visitbusan.net/uploadImgs/files/cntnts/20230602142611057_thumbL,"탄탄면, 토닭볶",굿모닝홍콩,POINT (129.06444 35.158752),12:00-20:00,2623
215,부산진구 동천로 108번길 9,대만음식을 베이스로한 캐주얼한 메뉴로 젊은 층에 인기 높은 이 곳은비장탄 숯불을 사용한 덮밥이 인기메뉴이다.간단한 요리메뉴도 있어 식사나 맥주와도 잘 어울린다.,https://www.visitbusan.net/uploadImgs/files/cntnts/20230602143250533_ttiel,https://www.visitbusan.net/uploadImgs/files/cntnts/20230602143250533_thumbL,"차슈덮밥, 마파두부",반핀,POINT (129.06279 35.15839),11:30-16:00 / 17:00-21:00,2623
223,부산진구 동천로58,한국인에게는 다소 생소한 맛일지라도 이탈리아의 맛을 좋아하는 사람들을 위해이탈리아 현지의 맛을 기준으로 조리한다는 이곳.이곳은 부산이지만 이 공간만큼은 분명히 이탈리아다.,https://www.visitbusan.net/uploadImgs/files/cntnts/20230602153349276_ttiel,https://www.visitbusan.net/uploadImgs/files/cntnts/20230602153349276_thumbL,"나폴리식 갯바위 파스타, 로마식 까르보나라",음주양식당 오스테리아 어부,POINT (129.06258 35.153934),17:00-14:30 / 17:00-24:00,2623
235,"부산진구 서전로 38번길 35-14, 제일빌딩 102호",입맛 없는 여름에 맛있게 먹을 수 있는 음식을 만들려고 했다지만 계절에 관계없이 항상 긴 줄이 서있는 곳으로 독특한 모습의 파랑국수가 대표메뉴.간판 없는 인기식당으로도 유명하다.,https://www.visitbusan.net/uploadImgs/files/cntnts/20230605102650287_ttiel,https://www.visitbusan.net/uploadImgs/files/cntnts/20230605102650287_thumbL,"파랑국수, 고등어김말이",야스마루,POINT (129.06439 35.15605),12:00-14:50 / 17:30-21:00,2623
240,부산진구 월드컵대로449번길 47,60여 년째 밀면의 맛을 이어가고 있는 밀면전문점인 이곳은 유일하게 1세대 영업주가 운영하는 식당으로 부연 설명이 필요없는 식당이다.,https://www.visitbusan.net/uploadImgs/files/cntnts/20230605153955424_ttiel,https://www.visitbusan.net/uploadImgs/files/cntnts/20230605153955424_thumbL,"밀면, 주물럭",삼성밀면,POINT (129.05115 35.181423),11:00-16:00/17:00-20:00,2623
266,부산진구 성지곡로 51번길 4,한국전통요리를 기반으로 일체의 화학조미료를 배제하여 재료 본연의 맛을 살리고첨가되는 약재로 식사 내내 배려받는 느낌을 주는 기분좋은 곳이다.,https://www.visitbusan.net/uploadImgs/files/cntnts/20230607174417582_ttiel,https://www.visitbusan.net/uploadImgs/files/cntnts/20230607174417582_thumbL,"아름다울“나”, 너그러울“탄”",나탄약선요리,POINT (129.04843 35.18711),11:30?15:00 / 17:00-21:30,2623
60,부산 동래구 사직북로5번길 11,미식가들만 찾아가던 숨은 가게였지만현재 사람들이 쉽게 찾을 수 있는 큰 매장으로 옮겨 운영하고 있다.만두 뿐 아니라 깔끔한 맛의 육개장이 더 유명한 맛집이다.,https://www.visitbusan.net/uploadImgs/files/cntnts/20230607173727769_ttiel,https://www.visitbusan.net/uploadImgs/files/cntnts/20230607173727769_thumbL,"충무세트(충무김밥+만두국), 육개장",금강만두,POINT (129.06027 35.196102),11:00-20:30,2626
158,"동래구 사직로 73, 2층","미역국에 사용되는 한우는 비계와 힘줄을 직접 제거하고, 직접 만든 반찬과 양념, 그리고 매일 새로 담근 김치를 준비한다. 이곳은 집밥같은 음식을 준비하는 미역국전문점으로 자극적이지 않",https://www.visitbusan.net/uploadImgs/files/cntnts/20230608101144664_ttiel,https://www.visitbusan.net/uploadImgs/files/cntnts/20230608101144664_thumbL,"조개미역국, 한우 미역국",초록담미역국,POINT (129.05788 35.194927),10:00-14:30 / 15:20-20:30,2626
159,동래구 금강로73번길 12,"태국 정부로부터 Thai select 최고등급인 signature 인증을 받았다는 태국음식전문점으로, 태국인요리사가 준비하는 정통태국음식이 준비되어 있다. 태국으로 여행 온 기분을 느끼게 해주는 인테리",https://www.visitbusan.net/uploadImgs/files/cntnts/20230602141500584_ttiel,https://www.visitbusan.net/uploadImgs/files/cntnts/20230602141500584_thumbL,"크랩 팟 퐁 커리, 뿌님 팟 퐁 커리, 탈래 팟 프릭 파우",타이빈,POINT (129.0773 35.216263),11:00-15:00 / 17:00-22:00,2626
190,동래구 명륜로 94번길 37,1972년부터 3대째 운영하고 있는 낙지볶음전문점으로부산에서는 모르는 사람이 드문 식당 중 한 곳이기도 하다.직접 뼈를 우려낸 육수와 비법 양념장으로 항상 많은 손님들이 찾는 곳이다.,https://www.visitbusan.net/uploadImgs/files/cntnts/20230601144332074_ttiel,https://www.visitbusan.net/uploadImgs/files/cntnts/20230601144332074_thumbL,"낙곱새(낙지/곱창/새우볶음), 각종 사리",소문난 원조 조방낙지,POINT (129.08392 35.203987),11:00-15:00 / 17:00-21:00,2626
199,동래구 여고로 63번 나길 8,"말괄량이 삐삐가 살던 오두막의 이름을 가진 이곳은 도심 속에서 만나는 휴식의 공간이다 .직접 만든 팬케이크 등의 디저트와 음료는 좋은 재료를 사용하였고,구석구석 따뜻한 분위기를 가진",https://www.visitbusan.net/uploadImgs/files/cntnts/20230601205653276_ttiel,https://www.visitbusan.net/uploadImgs/files/cntnts/20230601205653276_thumbL,"퐁당오쇼콜라 + 아메리카노, 팬케이크 + 아메리카노",빌라 빌레쿨라,POINT (129.06964 35.198376),12:00-19:00,2626
253,동래구 명륜로 94번길 43-10,4대를 이어오고 있는 유명한 식당으로 부산의 대표적 향토음식인 동래파전의 전통을이어가고 있는 곳. 사진으로는 담을 수 없는 식재료의 푸짐함을 느낄수 있다.,https://www.visitbusan.net/uploadImgs/files/cntnts/20230607112744753_ttiel,https://www.visitbusan.net/uploadImgs/files/cntnts/20230607112744753_thumbL,"동래할매파전, 동래고동찜",동래할매파전,POINT (129.08385 35.204575),11:30-15:00 / 17:00-21:00,2626
254,동래구 연안로 38,"통영에서 수급한 신선한 해산물을 사용하는 한정식전문점으로,정갈한 음식과 넓은 주차장, 잘 꾸며진 쾌적한 실내를 갖추고 있어돌잔치, 상견례 등의 행사로도 많이 찾는 곳이다",https://www.visitbusan.net/uploadImgs/files/cntnts/20230607115106313_ttiel,https://www.visitbusan.net/uploadImgs/files/cntnts/20230607115106313_thumbL,"해물밥상, 보리굴비밥상",박해윤 통영 해물밥상,POINT (129.10825 35.191082),11:00-15:00 / 16:00-22:00,2626
255,동래구 온천장로 52,"1980년에 개업하여 오랜 시간 사랑받고 있는 곳으로,껍데기를 보존하여 요리하는 특별한 방식으로 더 부드러운 육질을 자랑한다.기본에 충실하게 많은 양의 고기를 오랜 시간 삶는 것이 비법이",https://www.visitbusan.net/uploadImgs/files/cntnts/20230607130818310_ttiel,https://www.visitbusan.net/uploadImgs/files/cntnts/20230607130818310_thumbL,"한우 꼬리수육, 꼬리탕",원조꼬리곰집,POINT (129.08095 35.216038),08:30-21:30,2626
262,동래구 중앙대로 1381번길 33,한우구이 전문식당으로 육회비빔밥과 차돌 된장찌개를 찾는 고객이 많은 곳이다.육회비빔밥 양념장은 고추장이 아니라 직접 만든 비법양념장으로 더 깔끔한 맛이 특징이며차돌 된장찌개가 ?,https://www.visitbusan.net/uploadImgs/files/cntnts/20230607170054185_ttiel,https://www.visitbusan.net/uploadImgs/files/cntnts/20230607170054185_thumbL,"육회 비빔밥, 차돌 된장찌개",몽뜰,POINT (129.07614 35.210857),11:30-22:20,2626
263,동래구 반송로 223,"선지와 막창으로 만든 피순대는 냉동을 할 수 없어 즉석에서 수작업으로 만들고,모든 메뉴는 국산 재료를 사용한다.월요일 휴무에는 자비로 무료 급식을 운영하는 이곳은 유난히 단골들이 많?",https://www.visitbusan.net/uploadImgs/files/cntnts/20230607171334662_ttiel,https://www.visitbusan.net/uploadImgs/files/cntnts/20230607171334662_thumbL,"막창 피순대, 술국",조광심민속왕순대,POINT (129.09787 35.20074),04:00-21:00,2626
268,동래구 충렬대로 272번길 2,500도 화덕에서 구운 고등어화덕구이가 이곳의 대표메뉴로 바삭하게 잘 굽혀진 고등어는 촉촉한 식감을 자랑한다.함께 제공되는 반찬은 가짓수도 많고 셀프코너에서 리필할 수 있어 인기 높은,https://www.visitbusan.net/uploadImgs/files/cntnts/20230608140120811_ttiel,https://www.visitbusan.net/uploadImgs/files/cntnts/20230608140120811_thumbL,"고갈비, 한우 불고기",본 고갈비,POINT (129.08878 35.20054),08:00-21:30,2626
38,남구 유엔평화로 35-1,"식사시간에는 길게 줄을 선 모습을 볼 수 있는 유명한 식당으로,부산의 수많은 돼지국밥전문점 중에서도 손에 꼽히는 식당 중 한 곳이다.항정살 수육으로 유명하다.",https://www.visitbusan.net/uploadImgs/files/cntnts/20230607155733028_ttiel,https://www.visitbusan.net/uploadImgs/files/cntnts/20230607155733028_thumbL,"돼지국밥, 수육백반",쌍둥이돼지국밥,POINT (129.0923 35.13177),09:00-22:00,2629
42,"남구 유엔로217, 2층(대연동)","심플하고 모던한 인테리어가 인상적인 경양식전문식당으로, 등심 돈가스는 고소한 브로콜리 크림스프와 신선한 생 등심 돼지고기 커틀렛과 계절 샐러드가 함께 나온다. 바삭한 돈가스와 특제",https://www.visitbusan.net/uploadImgs/files/cntnts/20191219153031872_ttiel,https://www.visitbusan.net/uploadImgs/files/cntnts/20191219153031872_thumbL,"등심돈까스, 생선까스, 치즈함박스테이크",이층집 564-9,POINT (129.10002 35.13028),월~토11:00a.m. ~ 21:00p.m.15:00~17:00 (break time)20:00 (Last order) 수11:00a.m. ~ 15:00p.m.14:30 (Last order),2629
43,남구 황령대로492번길 30,"무척 유명한 복어요리 전문점인 이곳은 50년 경력의 일식요리사인 아버지와부산 최초의 특수조리사 복어자격증 소지자인 아들이 2대째 경영하고 있는 곳으로,언제나 많은 손님들로 북적이는 ?",https://www.visitbusan.net/uploadImgs/files/cntnts/20230524162118804_ttiel,https://www.visitbusan.net/uploadImgs/files/cntnts/20230524162118804_thumbL,"복국, 복수육",초원복국,POINT (129.10591 35.137794),09:00-15:00 / 17:00-21:00,2629
48,남구 진남로15,충무식당이란 이름으로도 많이 기억하고 있는 대구뽈찜전문점으로양파가 가득 들어간 빨간 양념이 특징이다. 콩나물과 빨간 양념이 수북하게 쌓여있는독특한 모습의 대구뽈찜은 막걸리와도,https://www.visitbusan.net/uploadImgs/files/cntnts/20230525155402064_ttiel,https://www.visitbusan.net/uploadImgs/files/cntnts/20230525155402064_thumbL,대구뽈찜,김유순대구뽈찜,POINT (129.09152 35.136368),11:30-21:00,2629
54,부산 남구 황령대로74번길 51-1,"곰탕전문식당인 이 곳은 오래 끓여 부드러운 고기와 맛이 진한 국물이 특징으로, 밥을 말아서 나오지 않고, 갓 지은 솥밥이 따로 제공된다.",https://www.visitbusan.net/uploadImgs/files/cntnts/20200819150211450_ttiel,https://www.visitbusan.net/uploadImgs/files/cntnts/20200819150211450_thumbL,"한우 곰탕, 한우스지수육",곤국,POINT (129.06758 35.1477),am 11:30 ~ pm 20:00(break time 14:00~17:30),2629
55,부산 남구 용호로 88,"패밀리레스토랑 다이닝센은 직접 만드는 소스들을 사용하고, 비교적 저렴한 가격에 비해 높은 수준의 음식들이 제공된다. 행사를 위한 시설과 공간도 잘 준비되어 있다.",https://www.visitbusan.net/uploadImgs/files/cntnts/20200820090928003_ttiel,https://www.visitbusan.net/uploadImgs/files/cntnts/20200820090928003_thumbL,"쇠고기 찹스테이크 샐러드, 목살필라프",다이닝센 부산본점,POINT (129.11235 35.124435),am 11:30 ~ pm 21:30,2629
56,남구 백운포로 14,"건축상을 받은 아름다운 외관과 잘 가꾸어진 넓은 잔디정원이 인상적이다.이곳은 유명한 한우숯불구이 전문식당으로, 제공되는 음식과 서비스 등모든 것이 무척 고급스럽다",https://www.visitbusan.net/uploadImgs/files/cntnts/20230603134954264_ttiel,https://www.visitbusan.net/uploadImgs/files/cntnts/20230603134954264_thumbL,"특수부위, 한우모음",오륙도 가원,POINT (129.11171 35.106773),11:30-21:30,2629
57,부산 남구 유엔로 171,"한우 숯불구이 전문점으로 모든 메뉴는 국내에서 생산된 질 좋은 재료만 사용해 만들어진다. 한우는 특히 굽는 솜씨에 따라 맛의 차이가 크게 나는데, 이 곳은 숙련된 점원이 고기를 구워준다.",https://www.visitbusan.net/uploadImgs/files/cntnts/20200818152932317_ttiel,https://www.visitbusan.net/uploadImgs/files/cntnts/20200818152932317_thumbL,"한우 특수부위 (100g), 한우 꽃등심(100g)",한우랑,POINT (129.0949 35.130306),am 10:00 ~ pm 22:00,2629
58,남구 분포로 145(용호동 W스퀘어),"김치요리전문식당인 이 곳은 배추산지로 유명한 해남의 배추를 사용 하여, 오랜 시간 숙성시킨 묵은지를 사용하는 것이 특징이며, 다양한 김치요리를 먹을 수 있다. 해남묵은지에 대한 높은 ?",https://www.visitbusan.net/uploadImgs/files/cntnts/20200818153601185_ttiel,https://www.visitbusan.net/uploadImgs/files/cntnts/20200818153601185_thumbL,"묵은지수육한판, 옛날김치찌개",해남식당,POINT (129.11122 35.134193),am 11:30 ~ pm 21:00브레이크타임 15:00 ~ 17:00라스트 오더 20:30,2629
86,남구 신선로 458,"20년이 넘게 대를 이어 운영 중인 아구찜/대구뽈찜 전문점으로신선하고 품질 좋은 재료들로 찜요리를 만들고 있다.대구뽈찜은 양파가 가득 올려 진 독특한 조리법이 사용되며, 두 가지 찜 요리",https://www.visitbusan.net/uploadImgs/files/cntnts/20230525152622629_ttiel,https://www.visitbusan.net/uploadImgs/files/cntnts/20230525152622629_thumbL,"아구찜, 대구찜",광명집,POINT (129.10095 35.125664),11:00-22:00,2629
88,남구 분포로 145 (W스퀘어 2동),"부산의 유명 베이커리 옵스(OPS)에서 만든 두 번째 프렌치 레스토랑으로 파리 현지 카페의 자유로운 분위기를 살린 공간이 특징이며, 소박하고 정성 가득한 프랑스 요리들과  스페셜티 등급의 ?",https://www.visitbusan.net/uploadImgs/files/cntnts/20210913095514659_ttiel,https://www.visitbusan.net/uploadImgs/files/cntnts/20210913095514659_thumbL,"랍스타스튜 43,000원",드마히니 더블유스퀘어점,POINT (129.11124 35.13426),오픈 11:30 / 마감 22:0015:00~17:00 (브레이크타임)20:30 (라스트오더),2629
89,남구 황령대로 329,"다양한 연회석과 어린이 시설, 넓은 주차장을 가지고 있는 큰 규모의 구이전문식당으로 질 좋은 소고기와 신선한 야채들을 제공하고, 최고등급의 위생수준을 인증 받았다. 단체모임이나 가족?",https://www.visitbusan.net/uploadImgs/files/cntnts/20210913100010495_ttiel,https://www.visitbusan.net/uploadImgs/files/cntnts/20210913100010495_thumbL,"생진갈비살150g, 양념갈비300g, 갈비살양념구이250g",명품외식 육면정,POINT (129.09482 35.148415),am 11:30 ~ pm 22:00,2629
90,남구 우암로 359,"1층의 정육판매점에서 구입한 고기를 2층의 식당에서 구워먹는 방식의 식당으로,깔끔한 인테리어와 수준 높은 청결상태를 자랑한다.판매점에서는 질 좋은 육류를 취급하고 있으며, 다양한 부?",https://www.visitbusan.net/uploadImgs/files/cntnts/20230601215049360_ttiel,https://www.visitbusan.net/uploadImgs/files/cntnts/20230601215049360_thumbL,"고기, 호포갈비탕",호포갈비 문현점,POINT (129.06631 35.13401),11:30-21:30,2629
180,남구 진남로 7-11,"1959년에 개업하여 2대에 걸쳐 운영해오고 있는 유명한 해물탕전문점으로,생선내장과 해물이 듬뿍 들어간 백년해물탕이 이곳의 대표 메뉴이다.오랜 전통에만 기대지 않고 독자적인 메뉴를 개?",https://www.visitbusan.net/uploadImgs/files/cntnts/20230524163636778_ttiel,https://www.visitbusan.net/uploadImgs/files/cntnts/20230524163636778_thumbL,"백년해물탕, 팔뚝탕",궁중해물탕 조씨집,POINT (129.09119 35.13556),11:30-15:00 / 17:00-22:00,2629
196,남구 용호로 90번길 24,"오래전부터 팥빙수와 단팥죽으로 유명했던 팥전문점으로 2대에 걸쳐 40여 년이 넘게운영 중인 곳이다. 직접 삶은 통팥과 밀양얼음골사과, 부산우유를 사용하는 등지역의 재료를 사용한 변함없",https://www.visitbusan.net/uploadImgs/files/cntnts/20230601183719085_ttiel,https://www.visitbusan.net/uploadImgs/files/cntnts/20230601183719085_thumbL,"팥빙수, 단팥죽",용호할매팥빙수단팥죽,POINT (129.11104 35.124126),09:00-22:00,2629
202,남구 못골로 41번길 13 상가 205동 101호,천연 발효종과 저온발효로 빵 자체의 풍미가 좋고 소화가 잘되는 빵을 만든다 .빵은 손으로 만질 수 없게 쇼케이스 안에 진열되어 있으며 매일 직접 만드는바게트 샌드위치가 특히 인기 있다.,https://www.visitbusan.net/uploadImgs/files/cntnts/20230601211556571_ttiel,https://www.visitbusan.net/uploadImgs/files/cntnts/20230601211556571_thumbL,"잠봉샌드위치, 리브치아바타",브레드 365,POINT (129.08633 35.135845),11:00-19:00,2629
228,남구 용소로13번길 61,"제주산 흑돼지로 만든 돈카츠와 생연어를 숙성시킨 연어뱃살덮밥으로 인기 있는 일식덮밥전문점으로, 무척 높은 수준의 음식을 만날 수 있다.재료손질과 사용하는 소스 등도 모두 직접 장만?",https://www.visitbusan.net/uploadImgs/files/cntnts/20230605092808009_ttiel,https://www.visitbusan.net/uploadImgs/files/cntnts/20230605092808009_thumbL,"연어뱃살덮밥, 가츠동벤또",교토돈부리본점,POINT (129.10362 35.137672),11:00-16:00 / 17:00-20:30,2629
241,남구 동명로145번길 80 1층,"밀면에 맛과 건강을 더하기 위해, 40년간 쌓인 노하우를 바탕으로 약콩과 함초, 톳으로 만든 천연간수와 기장 다시마로 직접 만든 식초를 사용하여깊은 맛을 가진 특색 있는 밀면을 개발해 낸 ?",https://www.visitbusan.net/uploadImgs/files/cntnts/20230605160757154_ttiel,https://www.visitbusan.net/uploadImgs/files/cntnts/20230605160757154_thumbL,"물밀면, 물비빔밀면",부산약콩밀면,POINT (129.11333 35.123108),11:00-15:30/17:00-20:00,2629
243,남구 천제등로 55(1층),"2011년부터 영업 중인 밀면 전문점으로 이 지역에서 꾸준히 사랑받아 온 식당이다.기본에 충실한 전통적인 밀면의 맛을 가지고 있으며, 이곳 역시 웨이팅을 감수하고 찾아야 하는 곳이기도 하?",https://www.visitbusan.net/uploadImgs/files/cntnts/20230605163059829_ttiel,https://www.visitbusan.net/uploadImgs/files/cntnts/20230605163059829_thumbL,"비빔밀면, 들깨칼국수",대연밀면,POINT (129.08981 35.13132),11:00-15:30 / 15:30-18:00,2629
244,남구 용호로 235,"부산의 돼지국밥을 이야기할 때 빠지지 않는 곳 중 한 곳으로 다른 유명 돼지국밥집과는 다르게 맑고 깔끔한 국물이 특징이다.국산 돼지고기만 사용하는데, 큼직한 고기가 아낌없이 들어가 있",https://www.visitbusan.net/uploadImgs/files/cntnts/20230605171506269_ttiel,https://www.visitbusan.net/uploadImgs/files/cntnts/20230605171506269_thumbL,"돼지국밥, 수육",합천국밥집,POINT (129.11125 35.111244),09:00-14:00 / 14:30-20:00,2629
17,북구 사상로 581,"1983년에 개업하여 40여 년을 운영해온 곳으로, 김치와 젓갈은 직접 만들어 항아리에서 숙성시킨다.뼈와 도가니는 한우, 꼬리는 호주산으로 엄선된 재료를 사용하며 변하지 않는 꾸준한 맛으로?",https://www.visitbusan.net/uploadImgs/files/cntnts/20230607170754019_ttiel,https://www.visitbusan.net/uploadImgs/files/cntnts/20230607170754019_thumbL,"꼬리곰탕, 한우 도가니탕",장수장꼬리곰탕,POINT (128.99043 35.19576),10:30-20:30,2632
72,북구 금곡대로8번길 14,"청정지역인 지리산 아래 산청의 흑돼지만 사용하고 있는 믿을 수 있는 돼지구이전문점이다.사용되는 흑돼지 자체가 일반적인 돼지고기와 식감과 맛의 차이가 많이 나며,껍데기가 붙어 있는 ?",https://www.visitbusan.net/uploadImgs/files/cntnts/20230608135734815_ttiel,https://www.visitbusan.net/uploadImgs/files/cntnts/20230608135734815_thumbL,"흑돼지 한 마리(800g), 흑돼지 반마리(600g)",남촌,POINT (129.00595 35.21074),11:00-22:00,2632
73,부산광역시 북구 용당로5번길 14,"본격적인 중국풍의 인테리어가 특색있는 이 중식당은 중국인 쉐프들이 요리하고 있는 것으로 유명하다. 사용되는 면은 전통방식인 수타로 만들고, 다양하고 많은 종류의 요리들을 만드는 단?",https://www.visitbusan.net/uploadImgs/files/cntnts/20200820091146813_ttiel,https://www.visitbusan.net/uploadImgs/files/cntnts/20200820091146813_thumbL,"짜장면, 탕수육",북경의자전거,POINT (129.00957 35.230934),am 11:30 ~ pm 22:00,2632
74,부산 북구 금곡대로 112,"숯불구이, 파삼겹구이, 밀면 등을 맛볼 수 있는 식당인 이곳은 나이와 취향에 관계없이 즐길 수있는 대중적인 맛이 특징으로, 넓은 공간을 가지고 있어 가족외식장소로 인기 있다. 메인요리인",https://www.visitbusan.net/uploadImgs/files/cntnts/20200819154140644_ttiel,https://www.visitbusan.net/uploadImgs/files/cntnts/20200819154140644_thumbL,"양념돼지갈비(330g), 고추장돼지갈비(330g)",식당 3선(덕천점),POINT (129.00708 35.21927),am 11:00 ~ pm 22:0021:00 (Last order),2632
75,부산 북구 금곡대로 21,"22년의 전통을 가지고 있는 함흥냉면 전문점으로, 메뉴에 들어가는 모든 재료들을 직접 만든다. 고구마 전분 특유의 탄력과 쫄깃함을 가진 함흥식 냉면 사리가 특징이며, 진한 육수가 맛있는 ?",https://www.visitbusan.net/uploadImgs/files/cntnts/20200820091029413_ttiel,https://www.visitbusan.net/uploadImgs/files/cntnts/20200820091029413_thumbL,"물냉면, 회비빔면",함경면옥,POINT (129.00423 35.21178),am 11:00 ~ pm 21:20,2632
18,해운대구 달맞이길 22,"최상등급의 고기와 최고의 원재료만을 사용한다는 한우숯불구이전문점으로,깔끔한 실내와 친절한 점원들이 인상적이다. 최상등급의 한우인만큼 가격도 높은 편이지만,직원이 고기를 구워주?",https://www.visitbusan.net/uploadImgs/files/cntnts/20191219093030634_ttiel,https://www.visitbusan.net/uploadImgs/files/cntnts/20191219093030634_thumbL,"등심(100g), 생갈비(100g)",거대갈비,POINT (129.16696 35.161617),11:30?15:00 / 17:00-21:30,2635
19,해운대구 중동1로 43번길23,"부산에서 가장 유명한 식당 중 한 곳인 46년 전통의 복어요리전문점으로, 우수한 식재를 현지에서 엄선하여 공수하고, 모든 찬류 및 장류와 김치, 양념 등을 직접 만들어 사용한다. 특히 외국인",https://www.visitbusan.net/uploadImgs/files/cntnts/20200819172845727_ttiel,https://www.visitbusan.net/uploadImgs/files/cntnts/20200819172845727_thumbL,"은복지리탕, 활복지리탕",금수복국 본점,POINT (129.1645 35.16243),24시간 운영,2635
20,부산 해운대구 해운대해변로 154,"한옥의 전통적인 모티브를 활용한 인테리어가 인상적인 한정식전문점으로, 토속적인 소품 으로 장식된 별실이 마련되어 있어 격식 있는 모임의 장소로도 많이 찾는 곳. 한약재와 제철 음식 재",https://www.visitbusan.net/uploadImgs/files/cntnts/20191219100305084_ttiel,https://www.visitbusan.net/uploadImgs/files/cntnts/20191219100305084_thumbL,"다온상(1인), 송아리(1인)",다온,POINT (129.14853 35.158123),11:30a.m. ~ 22:00p.m.(break time 15:00~17:30) / (Last order 21:30),2635
21,해운대구 해운대해변로209번나길 17,"해운대 그랜드호텔 인근에 있는 자연산 활어회 전문 횟집으로,생선회를 주문하면 문어숙회, 멍게, 전복, 가자미구이, 새우튀김 등의 다양한 밑반찬과식사 후 매운탕 등의 요리가 함께 제공된?",https://www.visitbusan.net/uploadImgs/files/cntnts/20200818125906889_ttiel,https://www.visitbusan.net/uploadImgs/files/cntnts/20200818125906889_thumbL,줄가자미(이시가리) (시가),동백섬횟집,POINT (129.15468 35.160427),11:30?22:00,2635
22,해운대구 센텀북대로 60 센텀아이에스타워 110호,부산의 유명베이커리인 옵스에서 런칭한 전통 프렌치 레스토랑. 프랑스인들에게 프렌치 퀴진을 가르쳐온 셰프의 전통 현지 요리법으로 사계절 제철 식재료를 사용한 다양한 프렌치코스요리?,https://www.visitbusan.net/uploadImgs/files/cntnts/20191219101750249_ttiel,https://www.visitbusan.net/uploadImgs/files/cntnts/20191219101750249_thumbL,"런치, 디너",르꽁비브,POINT (129.12552 35.176777),11:50a.m. ~ 22:00p.m.(Break Time 15:00~18:00) / (Last order 21:00),2635
24,부산 해운대구 좌동순환로 43,"TV프로그램을 통해 소개된 유명 쉐프가 운영하는 일식전문점으로, 기대를 충족하는 수준 있는 요리들과 깔끔하고 세련된 인테리어가 특징이다. 쉐프가 추천하는 음식으로 구성되는 오마카세 ?",https://www.visitbusan.net/uploadImgs/files/cntnts/20200818130348030_ttiel,https://www.visitbusan.net/uploadImgs/files/cntnts/20200818130348030_thumbL,"오마카세 문 스시, 오마카세 스 스시",문스시,POINT (129.16615 35.17031),am 11:30 ~ pm 22:0015:00~17:30 (break time),2635
26,부산 해운대구 해운대해변로298번길 29 해운대푸르지오시티 2층,"해운대 해변인근에 위치한 한정식전문점으로, 가족모임이나 손님 대접 등으로 많이 찾는 곳이다. 주인이 직접 고른 제철 식재료와 지인이 운영하는 농장에서 키운 채소를 사용하는이 곳은 먹?",https://www.visitbusan.net/uploadImgs/files/cntnts/20200818133818412_ttiel,https://www.visitbusan.net/uploadImgs/files/cntnts/20200818133818412_thumbL,"런치, 중코스",예이제,POINT (129.16664 35.16123),12:00p.m. ~ 21:20p.m.15:00~17:30 (break time),2635
28,부산 해운대구 반송로 571번길 5,"입구를 들어서면 가득 쌓인 장작과 아궁이에 올려 진 커다란 무쇠솥이 눈에 들어온다.유명한 추어탕전문점인 이 곳의 추어탕은, 강한 화력으로 오래 끓여 부드럽고 풍부한 맛이 특징으로, 논?",https://www.visitbusan.net/uploadImgs/files/cntnts/20191219104936271_ttiel,https://www.visitbusan.net/uploadImgs/files/cntnts/20191219104936271_thumbL,"추어탕, 가오리찜",원조석대추어탕,POINT (129.12512 35.2195),08:30a.m. ~ 21:00p.m.,2635
33,해운대구 대천로42번길28-5,"해운대의 유명 일식전문점으로, 명인 인증서를 받은 오너 쉐프가 운영하며, 주방 분위기가 엄격하고, 위생에 무척 신경을 쓰는 것으로도 유명하다. 열 가지의 초밥과 함께 미소시루, 달걀 찜, ?",https://www.visitbusan.net/uploadImgs/files/cntnts/20230605143002609_ttiel,https://www.visitbusan.net/uploadImgs/files/cntnts/20230605143002609_thumbL,"디너 1인, 콜 키지 병당",젠스시,POINT (129.17145 35.170803),18:00-19:30 / 20:00-22:00,2635
36,부산 해운대구 달맞이길 14,"30년 넘게 한자리에서 운영해온 전통 있는 족발전문점으로, 이 지역 사람들에게 오래 사랑 받아온 곳이다. 오래된 식당답게 족발 특유의 냄새가 없는 깔끔하고 균형 잡힌 족발의 맛이 특징이며",https://www.visitbusan.net/uploadImgs/files/cntnts/20191219141936064_ttiel,https://www.visitbusan.net/uploadImgs/files/cntnts/20191219141936064_thumbL,"족발, 마늘족발",평안도족발,POINT (129.16637 35.161945),12:00p.m. ~ 24:00a.m.,2635
37,부산 해운대구 해운대해변로 385,"해운대 중동역 인근의 양곱창 전문점인 이 곳은 특히 소의 첫 번째 위인 특양 양념구이가 유명하다. 주문과 동시에 특제양념을 발라, 점원이 구워주는 이 곳의 특양 구이는 무척 부드 러우면서",https://www.visitbusan.net/uploadImgs/files/cntnts/20200819165333332_ttiel,https://www.visitbusan.net/uploadImgs/files/cntnts/20200819165333332_thumbL,"특양(200g), 전골",한우숯불양곱창,POINT (129.17079 35.165897),16:00p.m. ~ 22:00p.m.,2635
51,부산 해운대구 송정해변로 30,"뼈와 함께 먹는 잘게 썬 세꼬시가 특히 유명한 생선회전문점으로, 도다리, 광어, 우럭, 돌돔, 농어 등 다양한 활어를 철에 따라 즐길 수 있다. 특히 가자미나 광어를 이용한 세꼬시가 인기 메뉴?",https://www.visitbusan.net/uploadImgs/files/cntnts/20200818134302422_ttiel,https://www.visitbusan.net/uploadImgs/files/cntnts/20200818134302422_thumbL,"세꼬시(넙치), 모듬회",영변횟집,POINT (129.20293 35.1808),11:00a.m. ~ 21:30p.m.,2635
106,해운대구 좌동로 10번길 51-5,"부산의 대표적인 낙지요리전문점인 개미집의 분점으로, 본점에 뒤쳐지지 않는 맛을 선보이고 있다. 본점과 같이 낙지볶음, 낙지새우볶음, 낙지곱창볶음 등의 요리들이 모두 인기 있으며, 불고",https://www.visitbusan.net/uploadImgs/files/cntnts/20210913153737388_ttiel,https://www.visitbusan.net/uploadImgs/files/cntnts/20210913153737388_thumbL,"낙지볶음, 곱창전골",개미집신도시점,POINT (129.17154 35.167637),10:00a.m. ~ 22:00p.m.,2635
197,"해운대구 송정구덕포길 122, 1층",뒤로는 해변열차가 지나가고 산책길과 이어져 있는 핸드드립 전문 카페로이른 아침부터 일출과 티타임을 즐기러 온 손님들이 많다.실내와 실외 모두 감성적인 공간으로 색다른 송정바다를 만,https://www.visitbusan.net/uploadImgs/files/cntnts/20230601184356255_ttiel,https://www.visitbusan.net/uploadImgs/files/cntnts/20230601184356255_thumbL,"시나몬 크림라떼, 스페셜티 아메리카노",올드머그,POINT (129.19714 35.17039),06:30-24:00,2635
205,해운대구 중동2로10번길 32-10,"1964년 창업하여 2대째 운영 중인 암소갈비전문점으로, 한옥형태의 건물과 독특한 양념으로방문해보지 않은 사람들도 이름정도는 알고 있는 유명한 식당이다",https://www.visitbusan.net/uploadImgs/files/cntnts/20230601215829314_ttiel,https://www.visitbusan.net/uploadImgs/files/cntnts/20230601215829314_thumbL,"생갈비, 양념갈비",해운대 암소갈비집,POINT (129.16663 35.163273),11:30-15:10 / 16:30-22:00,2635
206,해운대구 달맞이길117번가길 175,"주방에서 고기를 구워 나와 연기 없이 쾌적한 환경에서 식사를 할 수 있는 이곳은 ,대형 구이전문식당으로, 잘 갖춰진 시설과 한정식처럼 푸짐하게 차려지는 상차림 등가족외식하기 좋은 곳이",https://www.visitbusan.net/uploadImgs/files/cntnts/20230602133311480_ttiel,https://www.visitbusan.net/uploadImgs/files/cntnts/20230602133311480_thumbL,"한우암소생갈비(1+, 1++), 한돈돼지갈비",풍원장 고기정찬,POINT (129.18253 35.15967),11:00-15:00 / 17:00-21:30,2635
209,해운대구 좌동순환로8번길 78,10년 이상 경력의 주인이 주문과 동시에 고기를 준비하여 제공하는 곳으로한우와 한돈을 모두 주문할 수 있다.조금 특별하게 고기를 즐기고 싶은 날 추천할 만한 숯불구이전문점이다.,https://www.visitbusan.net/uploadImgs/files/cntnts/20230602135638172_ttiel,https://www.visitbusan.net/uploadImgs/files/cntnts/20230602135638172_thumbL,"대패삼겹, 꽃등심",육화목 소고기,POINT (129.17072 35.16929),16:00-23:00,2635
210,해운대구 송정광어골로 87,"태국풍의 라탄 조명과 송정 해수욕장의 멋진 풍경이 어우러진 태국음식전문점으로, 다양한 태국 음식들과 함께 와인 등의 주류와 다양한 음료도 준비되어 있다.",https://www.visitbusan.net/uploadImgs/files/cntnts/20230602140217961_ttiel,https://www.visitbusan.net/uploadImgs/files/cntnts/20230602140217961_thumbL,"팟타이, 푸팟퐁커리",어밤부,POINT (129.19667 35.17372),11:00-15:00 / 17:00-21:00,2635
212,해운대구 마린시티1로 155 상가 2층,"동백섬이 보이는 시원한 뷰와 함께 하는 한우구이전문점으로 경매, 도축, 숙성 등의 전 과정을전문가가 관리하여 만족할만한 품질의 소고기만 제공한다고 한다.깔끔하고 독특한 모습의 샤브?",https://www.visitbusan.net/uploadImgs/files/cntnts/20230602141753998_ttiel,https://www.visitbusan.net/uploadImgs/files/cntnts/20230602141753998_thumbL,"한우 숙성등심, 한우차돌샤브전골",우봉,POINT (129.14835 35.157097),11:30-15:00 / 17:00-22:00,2635
214,해운대구 해운대해변로298번길 9,엄선된 1등급 한우로 만든 패티와 버터향 가득한 브리오슈 번을 매일 만들어뉴욕 본토의 맛에 가장 가까운 햄버거를 만들고 있다.가게의 외관도 내부도 마치 뉴욕에 온 듯한 느낌을 주는 곳이?,https://www.visitbusan.net/uploadImgs/files/cntnts/20230602143055308_ttiel,https://www.visitbusan.net/uploadImgs/files/cntnts/20230602143055308_thumbL,"뉴욕버거 싱글패티, 스페셜버거",버거인뉴욕,POINT (129.16469 35.16093),10:30-21:00,2635
217,해운대구 해운대해변로209번길 13 바게트호텔 3층,화려한 경력의 오너쉐프가 운영하는 이탈리안 레스토랑으로 와인과도 잘 어울리는요리들을 만날 수 있다.예쁜 모습의 음식들이 많이 유행하고 있지만 역시 음식의 본질은 맛이다.,https://www.visitbusan.net/uploadImgs/files/cntnts/20230602144603179_ttiel,https://www.visitbusan.net/uploadImgs/files/cntnts/20230602144603179_thumbL,"앤초비 파스타, 고르곤졸라 피자",쉐프리,POINT (129.15382 35.159615),12:00-15:00 / 17:30-22:00,2635
218,해운대구 해운대해변로209번나길 16,베이징덕으로 유명한 정통중식당으로 조금 특별한 날에 특별한 메뉴를 찾는 사람에게 권할만한 곳이다.카빙 전 베이징덕을 먼저 보여주고 먹을 수 있게 장만해 주는 것이 재미있다.,https://www.visitbusan.net/uploadImgs/files/cntnts/20230602145152107_ttiel,https://www.visitbusan.net/uploadImgs/files/cntnts/20230602145152107_thumbL,"당일 예약 베이징덕, 런치세트B",부우사안,POINT (129.1545 35.160133),11:30-15:00 / 17:00-22:00,2635
229,해운대구 우동1로 57 대영빌딩1층,해리단길의 유명한 일본라멘전문점으로 후쿠오카의 유명한 라멘전문점의 유일한 한국분점이다. 최근에는 해운대로 관광 온 젊은 층의 필수코스가 되어가고 있어 오픈과 동시에 웨이팅이 시?,https://www.visitbusan.net/uploadImgs/files/cntnts/20230605093355335_ttiel,https://www.visitbusan.net/uploadImgs/files/cntnts/20230605093355335_thumbL,"나가하마 라멘, 나가하마 라멘 교자셋트",나가하마 만게츠,POINT (129.15746 35.16669),11:00-15:30 / 16:30-20:30,2635
233,해운대구 세실로 75,초밥의 대중화를 이끈 초밥전문점 중 한 곳인 이곳은 초심을 잃지 않고 음식을 만든다는 철학으로 한국인기브랜드 대상을 수상한 곳이기도 하다.색다른 모습을 가진 통우나동과 물회가 특징?,https://www.visitbusan.net/uploadImgs/files/cntnts/20230605101152134_ttiel,https://www.visitbusan.net/uploadImgs/files/cntnts/20230605101152134_thumbL,"물회소바 중, 명품초밥",스시미르네,POINT (129.17677 35.17129),11:30-14:30 / 17:00-21:00,2635
238,해운대구 우동1로 38번가길 15,"부산에 텐동유행을 불러온 가게 중 하나로, 후쿠오카의 유명 텐동전문점인 텐푸라타카오에서 직접 전수 받은 레시피와 소스로 완성도 높은 텐동을 선보인다.주문과 동시에 조리가 시작된다.",https://www.visitbusan.net/uploadImgs/files/cntnts/20230605114432846_ttiel,https://www.visitbusan.net/uploadImgs/files/cntnts/20230605114432846_thumbL,"타이가텐동, 토리텐동",타이가 텐푸라,POINT (129.1584 35.164764),11:00-15:30 / 17:00-20:00,2635
267,해운대구 중동1로 36 2층,"평양냉면을 전문으로 하는 이곳은, 깔끔하고 시원한 목 넘김을 위해 한우 사태 및 여러 야채들을 주재료로 하여, 모든 육수 통을 따로 끓이고 식히는 전통 방식으로 육수를 만든다. 사진으로는",https://www.visitbusan.net/uploadImgs/files/cntnts/20230608135304631_ttiel,https://www.visitbusan.net/uploadImgs/files/cntnts/20230608135304631_thumbL,"순 메밀 냉면, 맛보기 한우 수육",부다면옥,POINT (129.16298 35.162384),11:00-20:00,2635
30,사하구 낙동대로 135번안길15,주택을 개조한 포근한 공간은 중·장년층의 향수를 자극할만한 소품들로 인테리어 되어 있다.비교적 저렴한 가격으로 푸짐한 음식들을 만날 수 있어 이 지역의 주민들에게 오랜 시간 사랑받아,https://www.visitbusan.net/uploadImgs/files/cntnts/20230525143156139_ttiel,https://www.visitbusan.net/uploadImgs/files/cntnts/20230525143156139_thumbL,"아구찜, 코다리찜",대티물꽁,POINT (129.00041 35.10239),11:30-21:30,2638
82,사하구 동매로 117 B 201호,"도자기 장인이 빚어낸 둥그런 뚝배기에 음식을 담아내는 보양음식전문점으로,모임 등의 장소로도 인기 있는 곳. 녹두한방백숙이 특히 인기 있는 메뉴로황기, 구기자, 감초 등의 한약재와 녹두",https://www.visitbusan.net/uploadImgs/files/cntnts/20230607132213312_ttiel,https://www.visitbusan.net/uploadImgs/files/cntnts/20230607132213312_thumbL,"녹두한방백숙, 능이백숙",동원장수촌하단점,POINT (128.97113 35.10194),11:00-21:30,2638
98,사하구 다대로 680-1,"다대포 해수욕장 인근의 식당으로 20년 경력의 칼국수 장인인 주인이 직접 반죽한 숙성면에 국산 배추로 매일 매일 담는 김치가 매력을 더한다. 여름에만 맛 볼 수 있는 냉칼국수, 냉콩칼국수 ?",https://www.visitbusan.net/uploadImgs/files/cntnts/20210913114940489_ttiel,https://www.visitbusan.net/uploadImgs/files/cntnts/20210913114940489_thumbL,"양평칼국수, 비빔칼국수, 멸치칼국수, 고기만두",양평칼국수,POINT (128.967 35.048454),월~금 /am 11:00 ~ pm 21:00 (16:00~17:00 브레이크타임)(20:00 라스트오더)토 /am 11:00 ~ pm 16:00(15:00 라스트오더),2638
99,사하구 하신번영로157번길 39,"유명한 돼지국밥 전문점 중 한 곳으로, 항상 많은 사람들이 찾아오는 곳이다. 돼지 특유의 냄새를 제거하여 깔끔하고 담백한 맛을 자랑하며 수육과 두부, 볶음김치가  함께 나오는 수육백반이",https://www.visitbusan.net/uploadImgs/files/cntnts/20210913131201409_ttiel,https://www.visitbusan.net/uploadImgs/files/cntnts/20210913131201409_thumbL,"수육백반, 돼지국밥, 순대국밥,  내장국밥",영진돼지국밥,POINT (128.95784 35.09664),am 09:30 ~ pm 21:30(브레이크타임 15:00~17:00),2638
216,사하구 하신중앙로 289,"50여 년간 2대를 이어 운영하고 있는 전통 있는 중식당으로, 유명 TV쇼에 출연하며 더욱 많은 사람들이 찾고 있다.해산물과 양파가 푸짐하게 올라간 짬뽕이 이곳의 대표메뉴",https://www.visitbusan.net/uploadImgs/files/cntnts/20230602143915918_ttiel,https://www.visitbusan.net/uploadImgs/files/cntnts/20230602143915918_thumbL,"짬뽕, 탕수육",복성반점,POINT (128.96245 35.103638),10:30-20:00,2638
245,사하구 비봉로 6 1층,"부엌의 경상도 방언을 상호로 쓰는 이곳은 가마솥에서 48시간 끓여 돼지국밥을 만든다.수육백반의 고기는 삼겹살과 항정살 중 선택할 수 있고, 국밥 역시 고기와 온도, 맵기 등 취향대로 선택?",https://www.visitbusan.net/uploadImgs/files/cntnts/20230605173020771_ttiel,https://www.visitbusan.net/uploadImgs/files/cntnts/20230605173020771_thumbL,"돼지국밥, 막국수",정짓간,POINT (128.96248 35.095695),24시간,2638
247,사하구 하신번영로157번길 39,"부산의 향토음식인 돼지국밥을 대표하는 식당 중 한 곳으로, 항상 많은 사람들이 찾아오는 곳이다. 돼지 특유의 냄새를 제거하여 깔끔하고 담백한 맛을 자랑하며 수육과 두부, 볶음김치가 함?",https://www.visitbusan.net/uploadImgs/files/cntnts/20230607095942137_ttiel,https://www.visitbusan.net/uploadImgs/files/cntnts/20230607095942137_thumbL,"수육백반, 돼지국밥",영진식당,POINT (128.95787 35.096634),09:30-15:00 / 17:00-21:30,2638
250,사하구 다대로 592,가족단위 손님이 많이 찾는다는 추어요리전문점으로 진한 국물의 추어탕이 대표메뉴.직영 양어장을 운영하는 등 건강하고 좋은 재료를 사용하기 위해 많은 노력을 기울이고 있는 곳이다.,https://www.visitbusan.net/uploadImgs/files/cntnts/20230607104813073_ttiel,https://www.visitbusan.net/uploadImgs/files/cntnts/20230607104813073_thumbL,"추어탕, 갈비탕",수향밥상,POINT (128.97047 35.053585),09:00-16:00/16:30-22:00,2638
257,사하구 괴정로 32,"멸치, 바지락, 다시마가 들어간 해물육수를 사용하고 고명으로 육전이 올라가는 진주냉면은 보기 힘든 음식 중 하나로 그만큼 전수받은 사람이 드물다고 한다.이곳은 제주도산 흑메밀만 사용?",https://www.visitbusan.net/uploadImgs/files/cntnts/20230607144612622_ttiel,https://www.visitbusan.net/uploadImgs/files/cntnts/20230607144612622_thumbL,"물비빔냉면, 소육전",하기연진주냉면,POINT (128.9677 35.102787),10:30-20:30,2638
15,금정구 오시게로 20(부곡동),"2019월드 바리스타 챔피언십(WBC) 우승자가 있는 이 곳은카페의 도시 부산에서도 가장 유명한 카페 중 하나인 모모스커피 .고급 원두를 직접 로스팅하여 커피를 준비하며, 커피에 대한 애정이 가",https://www.visitbusan.net/uploadImgs/files/cntnts/20230601213643019_ttiel,https://www.visitbusan.net/uploadImgs/files/cntnts/20230601213643019_thumbL,"오늘의 핸드드립, 아메리카노 쇼콜라",모모스커피,POINT (129.08643 35.21928),08:00-18:00,2641
16,금정구 금정로 239,"30여 년 운영해 온 부산에서 유명한 보쌈 식당 중 하나로, 보쌈김치와 무채를 매일 직접 담근다.반찬으로 나오는 계란찜도 인기 있는 이곳은 손님을 대접하기에도 좋은 장소다.",https://www.visitbusan.net/uploadImgs/files/cntnts/20230608145054469_ttiel,https://www.visitbusan.net/uploadImgs/files/cntnts/20230608145054469_thumbL,"배비장보쌈, 모듬보쌈",배비장보쌈,POINT (129.09143 35.245174),11:30-22:00,2641
178,금정구 금강로 418 2층,깔끔한 외관과 인테리어를 가진 큰 규모의 매장은 언제나 손님들로 가득 차 있다 .2005년에 개업하여 꽤 오랜 시간 사랑받아 온 해산물요리전문점으로 싱싱한 해산물과 누구나 좋아할 것 같은 ?,https://www.visitbusan.net/uploadImgs/files/cntnts/20230523140214260_ttiel,https://www.visitbusan.net/uploadImgs/files/cntnts/20230523140214260_thumbL,"해물찜, 해물탕",마파람 해물찜 해물탕 구서본점,POINT (129.08856 35.244667),11:00-15:00 / 16:30-10:30,2641
184,금정구 금샘로 470-1 1층,"프랑스인 파티셰가 운영하는 작은 베이커리 카페로, 최상급 밀과 버터를 사용하여천연발효종과 저온숙성을 통해 빵을 구워낸다. 프랑스의 대표 빵인 바게트와 크로아상을 비롯해20여 가지의 ?",https://www.visitbusan.net/uploadImgs/files/cntnts/20230531124838775_ttiel,https://www.visitbusan.net/uploadImgs/files/cntnts/20230531124838775_thumbL,"크로아상, 바게트",큐제,POINT (129.08542 35.26486),10:30-20:30,2641
189,금정구 부산대학로 63번길 30,"너무나도 유명한 대한민국 제과명장의 베이커리로 4년간 간수 뺀 신안천일염,제철 우리 농산물 등 좋은 재료를 사용한 100여종의 빵과 디저트를 매일 직접 구워 제공하고 있다",https://www.visitbusan.net/uploadImgs/files/cntnts/20230601143331914_ttiel,https://www.visitbusan.net/uploadImgs/files/cntnts/20230601143331914_thumbL,"소금빵, 명장전병",이흥용과자점 부산대점,POINT (129.08397 35.23029),08:30-21:00,2641
203,금정구 중앙대로 1667 1층,"맛있고도 건강한 빵을 연구하는 이곳은버터향 가득한 소금빵이 바삭하고 쫄깃한 식감으로 인기 있으며,대표메뉴인 천연발효종 유럽빵과 통밀 건강빵이 다양한 종류로 준비되어 있다",https://www.visitbusan.net/uploadImgs/files/cntnts/20230601212247424_ttiel,https://www.visitbusan.net/uploadImgs/files/cntnts/20230601212247424_thumbL,"소금빵, 단호박무화과 바스켓",보리종파티세리 본점,POINT (129.09138 35.233204),08:30-22:00,2641
207,금정구 장전로 12번길 16,"제대로 된 맛이 날 수 있게 사골 뼈를 24시간 이상 끓이고, 매일 아침 정성껏 재료를 준비한다. 정성들여 준비해야 좋은 맛이 나는 것은 어느 나라 음식이건 마찬가지다. 그간 베트남음식에 좋?",https://www.visitbusan.net/uploadImgs/files/cntnts/20230602134918702_ttiel,https://www.visitbusan.net/uploadImgs/files/cntnts/20230602134918702_thumbL,"A set(2인), B set(2인)",포맨티코,POINT (129.08781 35.22843),11:30-15:00 / 16:30-21:00,2641
234,금정구 부산대학로 29 네오스퀘어 2층,"점심, 저녁 각각 두 차례씩 예약제로 운영하는 초밥전문점으로 숙련된 셰프가 제공하는오마카세는 맛과 가격 모두를 만족시킨다고 한다.예약에만 3개월이 걸릴 정도로 높은 인기를 자랑하는 ?",https://www.visitbusan.net/uploadImgs/files/cntnts/20230605101855650_ttiel,https://www.visitbusan.net/uploadImgs/files/cntnts/20230605101855650_thumbL,"런치, 디너",스시심 타카이,POINT (129.08801 35.230793),12:00 / 14:00 / 18:00 / 20:00,2641
239,금정구 금강로 247-10,"유명한 돈카츠전문점 톤쇼우의 본점으로, 좋은 재료를 선별해 저온, 고온, 레스팅, 숯불구이의 네 단계의 조리를 거쳐 만들어진 돈카츠는 놀라운 맛을 선사한다.",https://www.visitbusan.net/uploadImgs/files/cntnts/20230605125705151_ttiel,https://www.visitbusan.net/uploadImgs/files/cntnts/20230605125705151_thumbL,"버크셔K 특 로스카츠, 히레카츠",톤쇼우 부산대점,POINT (129.08427 35.230446),11:30-21:00,2641
242,금정구 금정로231번길 11,"건강한 밀면의 맛을 위해 오곡을 제분하여 직접 면을 뽑고 48시간 우려낸 육수와 과일, 채소로 맛을 낸 천연 양념장을 사용하는 밀면전문점으로,추억의 음식인 비빔만두도 인기 있는 곳이다.",https://www.visitbusan.net/uploadImgs/files/cntnts/20230605162454973_ttiel,https://www.visitbusan.net/uploadImgs/files/cntnts/20230605162454973_thumbL,"밀면, 비빔만두",면채움,POINT (129.0901 35.24463),10:30-21:00,2641
1,강서구 공항앞길 85번길 13,"곤드레밥에는 일반적으로 건조 곤드레나물이 사용되는데,이곳은 생 곤드레나물을 사용하여 돌솥밥을 만든다.된장찌개와 함께 열 가지가 넘는 반찬이 제공되는 돌솥곤드레정식이 인기있다",https://www.visitbusan.net/uploadImgs/files/cntnts/20191209162810545_ttiel,https://www.visitbusan.net/uploadImgs/files/cntnts/20191209162810545_thumbL,"돌솥곤드레정식, 단호박오리훈제",만드리곤드레밥,POINT (128.95245 35.177387),11:00-21:00,2644
2,강서구 르노삼성대로 602,"샤브샤브, 수육, 구이 등 다양한 방식으로 갈미조개를 요리하는 갈미조개 전문 식당. 국물이 맛있기로 유명한 이곳은 갈미샤브샤브와 갈미수육이 대표메뉴이다.",https://www.visitbusan.net/uploadImgs/files/cntnts/20230525144042660_ttiel,https://www.visitbusan.net/uploadImgs/files/cntnts/20230525144042660_thumbL,"갈미샤브샤브, 갈미조개삼겹살",만호갈미샤브샤브,POINT (128.92914 35.101425),11:00-21:00,2644
3,강서구 둔치중앙길5(봉림동),"30년간 운영해온 생선찜전문점으로, 전통방식인 나무통을 사용하여 조리하는 것이 특징이다. 20가지 이상의 재료로 만든 양념을 사용하는 이 곳은 묵은지 붕어조림과 붕어찜이 대표메뉴이다.",https://www.visitbusan.net/uploadImgs/files/cntnts/20191217101816206_ttiel,https://www.visitbusan.net/uploadImgs/files/cntnts/20191217101816206_thumbL,"묵은지붕어조림, 붕어찜",민물가든,POINT (128.89468 35.16055),11:00a.m. ~ 21:00p.m.(break time 15:00~17:00),2644
52,"강서구 새진목길 51, 1,2층",특이한 외관의 이 건물은 화덕에 구운 피자와 파스타를 만드는 곳이다.신선한 재료와 새로운 조리법을 사용하여 풍부하고 담백한 맛을 내는 것이 특징이다.트러플로 향을 낸 피자와 블루치즈?,https://www.visitbusan.net/uploadImgs/files/cntnts/20230602140648465_ttiel,https://www.visitbusan.net/uploadImgs/files/cntnts/20230602140648465_thumbL,"풍기 트러플 피자 , 무화과 블루치즈 피자",방코,POINT (128.92226 35.11546),11:30-14:30 / 17:00-20:30,2644
87,강서구 명지국제6로232번길 18,기분이 좋아지는 푸짐한 한상차림의 보쌈정식과 쭈꾸미보쌈이 대표메뉴로명지를 상징하는 식재료인 소금과 대파를 활용한 젓갈과 대파김치를 보쌈요리에 곁들였다.,https://www.visitbusan.net/uploadImgs/files/cntnts/20230607165446819_ttiel,https://www.visitbusan.net/uploadImgs/files/cntnts/20230607165446819_thumbL,"쭈꾸미보쌈, 보쌈정식 점심특선 2인",명지첫집,POINT (128.92444 35.095818),11:30-15:00 / 17:00-21:00,2644
195,강서구 가덕해안로 787-1,"조용한 어촌마을에 자리한 양식당으로 아담한 정원과 엔틱풍의 인테리어가 돋보인다.직접 구운 번으로 만든 수제버거가 대표메뉴이며 필라프, 샐러드 외에다양한 음료도 준비되어 있는 곳",https://www.visitbusan.net/uploadImgs/files/cntnts/20230601155348503_ttiel,https://www.visitbusan.net/uploadImgs/files/cntnts/20230601155348503_thumbL,"블랙 쉬림프 버거, 클래식버거",1966정원,POINT (128.81578 35.028156),11:00-15:30,2644
200,강서구 가덕해안로 663,조용한 해안마을에 자리한 감성적인 분위기의 카페로 커다란 창밖으로가덕도 해안이 한눈에 보이는 바다경치를 자랑한다.루프 탑도 운영 중이며 간단한 식사메뉴도 함께 즐길 수 있는 곳,https://www.visitbusan.net/uploadImgs/files/cntnts/20230601210303799_ttiel,https://www.visitbusan.net/uploadImgs/files/cntnts/20230601210303799_thumbL,"레몬 소르베, 마르게리따 피자",브리타니,POINT (128.81287 35.037563),11:00-19:00,2644
224,강서구 명지오션시티4로 84,"롯데호텔 중식당과 한식당의 책임자로 각종 국제행사를 책임지던 대표가 선보이는 고급 중식레스토랑이다. 가족외식하기 좋으며, 중식코스 요리가 대표메뉴이다.",https://www.visitbusan.net/uploadImgs/files/cntnts/20230602153447605_ttiel,https://www.visitbusan.net/uploadImgs/files/cntnts/20230602153447605_thumbL,"요리코스1, 돼지고기탕수육",칸웨이,POINT (128.90326 35.08141),11:00-15:00 / 17:00-22:00,2644
227,강서구 식만로 118-1,"낙동강 강변에 위치한 조용하고 여유로운 식당으로, 멋진 풍경을 감상할 수 있는오리코스요리 전문점이다.깔끔하고 기분 좋은 코스와 시그니처 디저트 곶감말이까지 여러모로 기분 좋은 곳이",https://www.visitbusan.net/uploadImgs/files/cntnts/20230603140846612_ttiel,https://www.visitbusan.net/uploadImgs/files/cntnts/20230603140846612_thumbL,오리코스요리,앙탄,POINT (128.90659 35.204876),11:30-16:00 / 17:00-20:30,2644
7,부산 연제구 월드컵대로 145번길 32,"유명한 밀면전문점으로, 밀가루에 옥수수 전분을 섞어, 다른 밀면전문점들보다 더 탄력있는 면이 특징이다. 육수는 돼지뼈와 소뼈에 각종 야채와 여러 한약재를 섞어 만들고, 사이드 메뉴인 ?",https://www.visitbusan.net/uploadImgs/files/cntnts/20191217201857896_ttiel,https://www.visitbusan.net/uploadImgs/files/cntnts/20191217201857896_thumbL,"물 밀면, 비빔밀면",가야할매밀면,POINT (129.07988 35.185196),11:00a.m. ~ 20:00p.m.,2647
8,연제구 중앙대로1235번길 23-6,"밀면전문점 중에서도 특히 맛으로 소문난 이곳은소 사골만을 사용한 육수 등 독창적인 방식의 밀면을 만들고 있다. 보통 기계로 잘려진 편육이 고명으로 올려지는데, 이곳은 손으로 일일이 얇",https://www.visitbusan.net/uploadImgs/files/cntnts/20230605164357186_ttiel,https://www.visitbusan.net/uploadImgs/files/cntnts/20230605164357186_thumbL,"물밀면, 비빔밀면",국제밀면본점,POINT (129.07785 35.19689),10:00-21:00,2647
64,부산 연제구 쌍미천로 32-1,"크로아상, 뺑 오 쇼콜라 등 페스츄리류를 기반으로 빵을 만들며당일 생산 당일 판매를 원칙으로 한다. 크루아상이 특히 인기 있으며조금 늦게 찾아가면 모든 빵이 매진되어 버리는 인기 베이?",https://www.visitbusan.net/uploadImgs/files/cntnts/20230601214408193_ttiel,https://www.visitbusan.net/uploadImgs/files/cntnts/20230601214408193_thumbL,"오리지널크로아상, 뺑 오 쇼콜라",디저트시네마,POINT (129.09052 35.176273),12:00-재료소진,2647
65,부산 연제구 중앙대로 1076번길 11,"연산동의 중심가골목에 위치한 중식당으로 요리를 전문으로 하여 이 지역 회사원들이 회식장소로도 자주 찾는 곳이다. 모든 메뉴의 수준이 높은 곳이기도 하지만, 특히 짜장면이 맛있기로 유?",https://www.visitbusan.net/uploadImgs/files/cntnts/20200819172514790_ttiel,https://www.visitbusan.net/uploadImgs/files/cntnts/20200819172514790_thumbL,"짜장면, 짬뽕",북경,POINT (129.08086 35.18377),am 11:00 ~ pm 21:0015:00~17:00 (Break time)20:30 (Last order),2647
66,부산 연제구 과정로 121,"해물탕은 원래 푸짐한 해산물들이 담겨 나오는 음식이지만, 이 곳의 해물탕은 음식을 잘모르는 사람도 싱싱하다는 것을 알 수 있는 해산물들이 뚜껑이 닫히지 않을 정도로 담겨 나온다. 해물?",https://www.visitbusan.net/uploadImgs/files/cntnts/20200819103408604_ttiel,https://www.visitbusan.net/uploadImgs/files/cntnts/20200819103408604_thumbL,"해물탕, 산낙지전골",연산낙지해물탕,POINT (129.10692 35.182316),am 11:30 ~ pm 21:3015:00~17:30 (BREAK TIME),2647
67,부산 연제구 중앙대로 1043번길 50,"부산시청 근처의 칼국수와 만두전문점으로, 매생이 칼국수, 들깨 칼국수 등 조금 특별한 칼국수와 함께 푸짐한 만두전골을 먹을 수 있는 곳이다. 만두는 매일매일 직접만들며, 여름에는 직접 ?",https://www.visitbusan.net/uploadImgs/files/cntnts/20200819170519954_ttiel,https://www.visitbusan.net/uploadImgs/files/cntnts/20200819170519954_thumbL,"매생이칼국수, 고기만두",웰빙여행,POINT (129.07504 35.181526),am 10:00 ~ pm 21:30,2647
68,부산 연제구 월드컵대로 119번길 16,"연산동 중심가골목에 위치한 삼계탕전문점으로, 대표적인 보양음식인 옻나무삼계탕에 전복을 추가하여 먹을 수 있는 것이 특징이다. 식전주로 옻술이 제공되는 이 곳은 TV프로그램에도 소개 ?",https://www.visitbusan.net/uploadImgs/files/cntnts/20200819105118416_ttiel,https://www.visitbusan.net/uploadImgs/files/cntnts/20200819105118416_thumbL,"옻삼계탕, 삼계탕",옻바다전복 삼계탕,POINT (129.08128 35.18473),am 10:00 ~ pm 22:00,2647
69,부산 연제구 월드컵대로 145번길 23,"연산동 중심가골목에 위치한 일식코스전문점으로, 참치와 자연산회를 맛볼 수 있는 곳이다. 코스요리를 전문으로 하는 곳인 만큼 회는 물론이며, 음식 하나하나가 높은 수준이다.점심한정메?",https://www.visitbusan.net/uploadImgs/files/cntnts/20200819105753999_ttiel,https://www.visitbusan.net/uploadImgs/files/cntnts/20200819105753999_thumbL,"일식코스, 참치코스",참참부자,POINT (129.08035 35.185333),am 11:30 ~ pm 22:00,2647
70,부산 연제구 월드컵대로 119번길 8,"부산의 대표적인 일식전문점 중 한 곳으로, 상업지역인 이 지역에서도 손님을 대접하기 좋은 곳으로 유명한 식당이다. 30년 경력의 오너쉐프가 운영하고 있으며, 이 곳의 코스요리는 가격에 비",https://www.visitbusan.net/uploadImgs/files/cntnts/20200819110257649_ttiel,https://www.visitbusan.net/uploadImgs/files/cntnts/20200819110257649_thumbL,"생선초밥, 코스요리",팔미초밥,POINT (129.0818 35.184906),am 11:30 ~ pm 22:00,2647
101,연제구 과정로276번길 9,한적한 골목길에 숨겨져 있는 이 돼지갈비전문점은 38년간 숯불돼지갈비 한 메뉴로 이 장소를 지켜온 식당이다. 쉽게 찾기 힘든 위치에 있지만 친근하고 꾸준한 맛으로 많은 단골고객들이 찾?,https://www.visitbusan.net/uploadImgs/files/cntnts/20210913141552746_ttiel,https://www.visitbusan.net/uploadImgs/files/cntnts/20210913141552746_thumbL,돼지갈비230g,동원 숯불 갈비,POINT (129.09715 35.188595),am 12:00 ~ pm 22:00,2647
226,연제구 쌍미천로 179-1,"일본의 골목길 비스트로를 연상시키는 분위기의 아담한 와인바로 부부가 함께 운영하고 있는 곳으로, 일식 기반의 캐주얼한 요리들이 와인과 무척 잘 어울린다. 테이블 수가 작아 예약이 필수",https://www.visitbusan.net/uploadImgs/files/cntnts/20230602175414282_ttiel,https://www.visitbusan.net/uploadImgs/files/cntnts/20230602175414282_thumbL,"들기름 명란 카펠리니, 네기도로 타르타르",글라스 앤 보틀,POINT (129.0872 35.188755),18:00-24:00,2647
248,연제구 고분로 41-1 2층,"국내산 돼지고기와 내장, 직접 만든 순대를 사용하고, 김치와 깍두기 역시 직접 담는다. 이른 시간부터 누구에게 대접해도 손색없이 음식준비에 정성을 들이고 있으며,넓은 주차장과 청결한 ?",https://www.visitbusan.net/uploadImgs/files/cntnts/20230607101844356_ttiel,https://www.visitbusan.net/uploadImgs/files/cntnts/20230607101844356_thumbL,"수육백반, 돼지국밥",수복돼지국밥,POINT (129.0869 35.1859),08:00-22:00,2647
39,수영구 연수로 410,"푸짐한 재료와 자극적이지 않은 맛으로 인기 있는 낙지볶음전문점으로부산의 쟁쟁한 낙지볶음전문점들 사이에서 신흥강자로 떠오른 곳이다.반찬들은 모두 셀프리필이 가능하고, 직원들이 항",https://www.visitbusan.net/uploadImgs/files/cntnts/20191219143907973_ttiel,https://www.visitbusan.net/uploadImgs/files/cntnts/20191219143907973_thumbL,"낙곱새(낙지/곱창/새우볶음), 각종 사리",국이네낙지볶음,POINT (129.11382 35.168022),10:30-22:30,2650
40,수영구 광안해변로370번길 9-32 노블스카이 9층,"매일 준비하는 깨끗한 채수로 맛을 내고 간단한 샐러드부터 일품요리, 코스요리까지 다양하게 준비하는 비건 식당이다.비건 식당 특성 상 외국인 손님들이 많이 찾는다고 한다.",https://www.visitbusan.net/uploadImgs/files/cntnts/20230608142501309_ttiel,https://www.visitbusan.net/uploadImgs/files/cntnts/20230608142501309_thumbL,"흑미콩까스, 아보카도 롤",베지나랑,POINT (129.13426 35.156757),11:30-15:00 / 17:00-21:00,2650
41,수영구 민락수변로7번길 16,다양한 종류의 물회가 준비되어 있는 물회전문 횟집으로10가지 이상의 재료를 혼합·숙성시킨 소스와 황칠나무를 다린 물 등으로 만든 육수를 사용한다.차갑게 얼린 맥반석을 접시로 사용해 ?,https://www.visitbusan.net/uploadImgs/files/cntnts/20230523145317638_ttiel,https://www.visitbusan.net/uploadImgs/files/cntnts/20230523145317638_thumbL,"모둠회(M), 코스(L)",신라횟집,POINT (129.12456 35.155254),11:00-20:00,2650
71,수영구 남천바다로10번길 70 101호,"부산에서 가장 유명한 떡볶이 전문점 중 한 곳으로, 포장마차 장사를 하던 시절에손님들의 다리만 밖에서 보인다하여 다리집이라 불리게 된 이곳은한 개만 먹어도 배가 부를 것 같은, 큼직한 ?",https://www.visitbusan.net/uploadImgs/files/cntnts/20200819112147736_ttiel,https://www.visitbusan.net/uploadImgs/files/cntnts/20200819112147736_thumbL,"떡볶이, A세트",다리집,POINT (129.11076 35.146637),11:30?21:00,2650
76,부산 수영구 남천동로 108번길 49,"광안리해수욕장 앞 골목길에 위치한 아담한 이 가게는 국산 팥만을 사용하여 음식들을 만드는 팥전문점이다. 팥빙수와 단팥죽, 단팥빵이 유명한데,특히 단팥빵의 인기가 높아 빵을 사가려는 ?",https://www.visitbusan.net/uploadImgs/files/cntnts/20230531122205481_ttiel,https://www.visitbusan.net/uploadImgs/files/cntnts/20230531122205481_thumbL,"단팥빵, 단팥죽",홍옥당,POINT (129.11392 35.146893),am 10:00 ~ pm 22:00,2650
141,수영구 수영로394번길 35-3,"깔끔하고 높은 수준의 음식들과 한국 전통주를 함께 즐길 수 있는 한식주점인 이곳은,비교적 낮은 가격으로 여러 가지를 맛볼 수 있는 주안상이 인기 있으며,무엇보다 좋은 대접을 받았다는 ?",https://www.visitbusan.net/uploadImgs/files/cntnts/20220511143741751_ttiel,https://www.visitbusan.net/uploadImgs/files/cntnts/20220511143741751_thumbL,"주안상, 만두전골",황해도 본점,POINT (129.109 35.1407),16:00-23:00,2650
181,수영구 광안해변로344번길 17-20 풍경타워,광안리에는 멋진 바다풍경을 배경으로 식사 할 수 있는 좋은 횟집들이 많은데이곳이 바로 그런 곳이다.직접 준비하는 백김치가 회랑 잘 어울리고 간장게장과 새우장이 깔끔하고 맛있다,https://www.visitbusan.net/uploadImgs/files/cntnts/20230524164757051_ttiel,https://www.visitbusan.net/uploadImgs/files/cntnts/20230524164757051_thumbL,"A코스, 모둠회",까치횟집,POINT (129.13171 35.155018),10:30-22:30,2650
211,수영구 광안해변로 249 3층,광안리 바다 뷰와 함께 2++등급 한우를 사용한 오마카세 구이를 즐길 수 있는 곳으로준비되어 나오는 모습도 먹는 방식도 대단히 독특한 한우구이전문점이다.연인과 함께 하는 것을 추천하고 ?,https://www.visitbusan.net/uploadImgs/files/cntnts/20230602140744460_ttiel,https://www.visitbusan.net/uploadImgs/files/cntnts/20230602140744460_thumbL,"2인set, 뼈밥",우토피아,POINT (129.12115 35.15517),17:00-23:00,2650
225,수영구 광남로 6 남천동 12-8번지,"부산에서 히츠마부시를 유행시킨 유명한 곳으로, 장어는 숯불을 사용하며 굽고그날 사용할 장어가 떨어지면 조기 마감한다. 예약을 받지 않고 입점순서대로 식사를 제공한다.",https://www.visitbusan.net/uploadImgs/files/cntnts/20230602174114924_ttiel,https://www.visitbusan.net/uploadImgs/files/cntnts/20230602174114924_thumbL,"히츠마부시, 아나고 히츠마부시",고옥,POINT (129.10974 35.143585),11:30-15:00 / 17:00-21:00,2650
230,수영구 황령대로 481번길 39 1층,해삼내장을 손질한 고노와다로 유명한 일본식주점으로 이곳의 고노와다 사시미를경험해보기 위해 먼 곳에서도 찾아오는 사람도 많다고 한다.대기하는 사람이 많아 두 시간 이용 제한이 있다.,https://www.visitbusan.net/uploadImgs/files/cntnts/20230605094032446_ttiel,https://www.visitbusan.net/uploadImgs/files/cntnts/20230605094032446_thumbL,"고노와다 사시미, 수제치킨가라아게",노는바다,POINT (129.10835 35.140026),17:00-24:00,2650
231,수영구 남천바다로 34-6,"240여 년의 긴 역사를 가진 일본의 장어요리전문점 쥬바코에서 오랜 수련을 거친오너쉐프가 쥬바코 스타일의 정통방식으로 만든 장어구이를 선보이는 곳으로,외관부터 내부까지 일본에 온 듯?",https://www.visitbusan.net/uploadImgs/files/cntnts/20230605094602155_ttiel,https://www.visitbusan.net/uploadImgs/files/cntnts/20230605094602155_thumbL,"우나쥬, 히츠마부시",동경밥상,POINT (129.11385 35.148396),11:30-15:00 / 17:30-21:00,2650
237,수영구 구락로 8-4,가격대비 만족도가 무척 높다는 초밥전문점으로 합리적인 가격으로 신선하고 좋은 구성의 초밥을 제공하고 있다.포장이나 배달주문이 많은 곳이기도 하다.,https://www.visitbusan.net/uploadImgs/files/cntnts/20230605105014796_ttiel,https://www.visitbusan.net/uploadImgs/files/cntnts/20230605105014796_thumbL,"모듬초밥, 특선초밥",킹콩스시,POINT (129.11972 35.1689),11:00-15:00 / 17:00-21:30,2650
252,수영구 광남로120번길 8,"1950년 구포에서 재첩국 판매를 시작하여 지금의 자리로 온 것은 20여년이 되었다고 하는재첩국전문점으로, 이른 시간부터 운영하고 있어 아침을 먹으러 오는 손님들도 많다.서울에 직영점을 ?",https://www.visitbusan.net/uploadImgs/files/cntnts/20230607112250305_ttiel,https://www.visitbusan.net/uploadImgs/files/cntnts/20230607112250305_thumbL,"재첩정식, 재첩덮밥",할매재첩국,POINT (129.11638 35.151875),06:00-21:00,2650
261,수영구 광서로10번길 68,"40여 년을 삼계탕만 만들어 온 전통 있는 삼계탕전문점으로, 마늘 향이 진하게 느껴지는 국물이특징이다. 오랜 시간 단일메뉴로 운영된 곳답게 항상 많은 손님들로 북적이고 있으며,기본으로 ?",https://www.visitbusan.net/uploadImgs/files/cntnts/20230607154228087_ttiel,https://www.visitbusan.net/uploadImgs/files/cntnts/20230607154228087_thumbL,"삼계탕, 똥집 추가",우성삼계탕,POINT (129.11409 35.16719),11:00-20:00,2650
23,사상구 엄궁남로 15,"주택을 개조하여 만든 예쁜 외관의 브런치카페로, 휴일과 잘 어울릴 것 같은 화사한 실내와창 너머에 보이는 화단이 인상적이다. 아메리칸 브런치, 불고기파니니, 맥앤치즈파니니, 부리또 브?",https://www.visitbusan.net/uploadImgs/files/cntnts/20230531123640913_ttiel,https://www.visitbusan.net/uploadImgs/files/cntnts/20230531123640913_thumbL,"아메리칸브런치, 아메리카노",파니니브런치,POINT (128.96982 35.12544),10:00-18:00,2653
25,사상구 낙동대로1530번길 20-15,"낙동강변 재첩요리 먹거리 타운에서 30여 년을 운영하고 있는 재첩국전문점으로, 비빔그릇에 함께 나온 된장과 재첩을 넣고 비빔밥을 만들어 재첩국과 함께 먹는 방법이 인기 있다.",https://www.visitbusan.net/uploadImgs/files/cntnts/20230608100341246_ttiel,https://www.visitbusan.net/uploadImgs/files/cntnts/20230608100341246_thumbL,"재첩국, 재첩회",할매재첩국,POINT (128.98607 35.193363),07:00-21:00,2653
27,사상구 광장로 34,"맛있는 식당들이 많기로 유명한 사상시외버스터미널 근처에서도 특히 유명한 돼지국밥 전문점으로, 24시간 운영되는 이곳은, 관광객들이 많이 찾는 곳이기도 하다. 마늘다대기가 수북하게 올?",https://www.visitbusan.net/uploadImgs/files/cntnts/20230605170838962_ttiel,https://www.visitbusan.net/uploadImgs/files/cntnts/20230605170838962_thumbL,"고기국밥, 수육백반",합천일류돼지국밥,POINT (128.98045 35.16191),05:30-22:00,2653
191,사상구 주례로 12,"평범한 횟집처럼 보이는 이곳은 회와 함께, 돼지·소고기 구이를 함께 하는 대단히 특이한 식당이다.횟집에서 고기 먹는 사람이 있을까 싶은데 대부분 고기부터 시작해서 회로 마무리한다고 ?",https://www.visitbusan.net/uploadImgs/files/cntnts/20230601145535123_ttiel,https://www.visitbusan.net/uploadImgs/files/cntnts/20230601145535123_thumbL,"모듬회, 생삼겹",오대양횟집,POINT (129.01125 35.150047),11:00-22:30,2653
251,사상구 사상로 316,"칼국수의 맛을 내는 조개류는 전라도 고흥에서 매일 공수해오고 있으며, 해물탕에 넣어먹는 자가제면 칼국수는 매일 직접 반죽하여 숙성 시킨다.신선한 재료와 정성이 듬뿍 들어간 칼국수는 ?",https://www.visitbusan.net/uploadImgs/files/cntnts/20230607111449187_ttiel,https://www.visitbusan.net/uploadImgs/files/cntnts/20230607111449187_thumbL,"해물왕창칼국수(2인부터 주문), 육전물밀면",해물왕창칼국수,POINT (128.98376 35.1727),11:00-21:30,2653
256,사상구 낙동대로1518번길 33,"재첩국 전문 식당이 모여 있는 이 지역에서도 인기 있는 재첩국 전문점으로,섬진강의 국산 재첩만을 사용하여, 소금물에 담가 해감을 하고, 수 차례 깨끗이 씻은 다음 끓인 국물은 간과 위의 ?",https://www.visitbusan.net/uploadImgs/files/cntnts/20230607143734466_ttiel,https://www.visitbusan.net/uploadImgs/files/cntnts/20230607143734466_thumbL,"재첩국 정식, 재접회",삼락하동재첩국,POINT (128.98584 35.19344),05:00-21:30,2653
259,사상구 광장로 27,"사상시외버스터미널 인근은 맛있는 식당들이 모여 있기로 유명한데, 이곳 역시 그 유명한 식당 중 한 곳이다. 해물이 가득한 칼국수와 100% 수제로 만드는 만두, 그리고 밀면까지무엇을 주문하?",https://www.visitbusan.net/uploadImgs/files/cntnts/20230607152613580_ttiel,https://www.visitbusan.net/uploadImgs/files/cntnts/20230607152613580_thumbL,"손칼국수, 왕만두",이가네 칼국수,POINT (128.97974 35.163177),11:00-21:00,2653
271,사상구 광장로81번길 79 2층,그냥 먹어도 맛있는 육전과 육회는 다양한 방법으로 먹을 수 있어 질리지가 않는다.육전이 식지 않게 조금씩 구워서 제공하는 세심함은 왜 이곳이 많은 사람들에게 사랑받는지 알 수 있게 되?,https://www.visitbusan.net/uploadImgs/files/cntnts/20230608150916484_ttiel,https://www.visitbusan.net/uploadImgs/files/cntnts/20230608150916484_thumbL,"육회, 육전",맹여사육전육회,POINT (128.9835 35.165836),16:00-02:00,2653
29,기장군 장안읍 해맞이로 286,바다와 카페라는 테마를 이야기할 때 항상 거론되는 로스토리 카페로 전문 큐그레이더가직접 가져온 스페셜티 커피를 이용한 드립 커피 등 커피 베리에이션 메뉴가 전문이다 .야외에 해변을 ?,https://www.visitbusan.net/uploadImgs/files/cntnts/20191219110949710_ttiel,https://www.visitbusan.net/uploadImgs/files/cntnts/20191219110949710_thumbL,"월내 라떼, 브라질 캄포 알레그레 드립 커피",웨이브온커피,POINT (129.26979 35.32225),10:00-24:00,2671
53,부산 기장군 기장읍 차성로 417번길 22,"간단히 준비된 샤브샤브를 먹은 후 직접 면을 넣고 조리해 먹는 칼국수 가격에 비해 푸짐한 재료들이 특징이다. 먼저 샤브샤브를 먹고 그 국물에 칼국수를 만들어 먹고 나면, 점원이 볶음밥을",https://www.visitbusan.net/uploadImgs/files/cntnts/20200819144753937_ttiel,https://www.visitbusan.net/uploadImgs/files/cntnts/20200819144753937_thumbL,"얼크니손칼국수, 만두",얼크니손칼국수(기장본점),POINT (129.21614 35.255756),am 11:20 ~ pm 21:30(Last order 20:30),2671
182,기장군 일광읍 기장해안로 1303,일광해수욕장 해변에 자리한 이곳은 성게의 한 종류인 앙장구(말똥성게)비빔밥을 전문으로 하는 해산물식당으로 한정적인 메뉴를 취급하고 있는 것이 더 신뢰가 간다. 웨이팅이 상당한 곳이?,https://www.visitbusan.net/uploadImgs/files/cntnts/20230525150604270_ttiel,https://www.visitbusan.net/uploadImgs/files/cntnts/20230525150604270_thumbL,"앙장구 비빔밥, 참가자미 물회",미청식당,POINT (129.2332 35.260254),10:00-15:30 / 17:00-20:30,2671
186,기장군 일광읍 칠암1길 7-10,"넓은 매장이 좁게 느껴질 정도로 많은 인파가 몰리는 이곳은기장의 바다를 바라보면서 다양한 빵과 음료를 즐길 수 있는 유명한 카페다 .모든 곳이 예쁘고, 모든 빵이 맛있는 곳으로, 소금빵과",https://www.visitbusan.net/uploadImgs/files/cntnts/20230531131053282_ttiel,https://www.visitbusan.net/uploadImgs/files/cntnts/20230531131053282_thumbL,"소금빵, 칠암돌만주",칠암사계,POINT (129.25919 35.299957),10:00-21:00,2671
193,기장군 일광읍 학리등대로 102,일광에 위치한 아귀찜전문점인 이곳은 어디서 구해오나 궁금할 정도로커다란 아귀를 사용하여 아귀찜을 만든다.정말 많은 사람들이 찾는 유명한 가게로 매운 정도를 선택할 수 있다,https://www.visitbusan.net/uploadImgs/files/cntnts/20230601153604040_ttiel,https://www.visitbusan.net/uploadImgs/files/cntnts/20230601153604040_thumbL,"아구찜, 아구수육",일미아구찜,POINT (129.24767 35.25894),10:30-20:40,2671
198,기장군 일광읍 문오성길 162-1,"강렬한 색감의 고풍스러운 실내가 창밖으로 보이는 바다와 무척 잘 어울리는 카페로 ,고급스러운 맛으로 유명한 이 곳의 디저트들은 동경제과학교 출신의 오너가 직접 만들고 있다 .클래식과",https://www.visitbusan.net/uploadImgs/files/cntnts/20230601205022576_ttiel,https://www.visitbusan.net/uploadImgs/files/cntnts/20230601205022576_thumbL,"크로아상 샌드위치, 생과일 파이",아데초이,POINT (129.25821 35.286453),09:00-22:00,2671
201,기장군 정관읍 병산로 117,"일상에서 벗어나 파노라마 숲속에서 커피 한 잔의 여유를 즐길 수 있는 곳으로 ,카페라고는 하지만 22년 경력 제과기능장의 빵을 맛볼 수 있는 베이커리이기도 하다 .재미있는 모양의 수박식빵",https://www.visitbusan.net/uploadImgs/files/cntnts/20230601210950063_ttiel,https://www.visitbusan.net/uploadImgs/files/cntnts/20230601210950063_thumbL,"아메리카노, 수박식빵",브레이크인 커피,POINT (129.17773 35.340794),10:00-22:00,2671
232,기장군 기장읍 차성동로 163,무려 25년 경력의 셰프가 갓 만든 초밥이 레일위에 놓여있는 회전초밥전문점인 이곳은 좌천 쌀을 사용하며 초밥의 가격은 모두 동일하다.먹고 싶은걸 말하면 그 즉시 만들어주기도 한다.,https://www.visitbusan.net/uploadImgs/files/cntnts/20230605100447110_ttiel,https://www.visitbusan.net/uploadImgs/files/cntnts/20230605100447110_thumbL,"점심특선 한 접시, 저녁 한 접시",?,POINT (129.217 35.25241),12:00-14:30 / 17:00-21:30,2671
258,기장군 장안읍 장안로 365,"바로 옆에는 계곡이 있고 인근에는 유명사찰인 장안사가 있는 한옥형태의 넓은 식당.넓은 주차장과 개별 룸들이 있어 가족, 단체로 식사하러 가기 좋은 곳이다.오리백숙으로 유명한 곳이기도",https://www.visitbusan.net/uploadImgs/files/cntnts/20230607150107037_ttiel,https://www.visitbusan.net/uploadImgs/files/cntnts/20230607150107037_thumbL,"오리불고기, 오리백숙",장안집,POINT (129.24432 35.369785),11:00-20:30,2671
